EntryDate,entry_price,exit_price,Contribution,Shares,ValueAtExit,Profit,ExitDate
1993-02-03,44.8125,45.0,1.0,0.022315202231520222,1.00418410041841,0.004184100418409997,1993-02-04
1993-02-26,44.40625,44.28125,1.0,0.022519352568613652,0.9971850809289233,-0.0028149190710766714,1993-03-01
1993-05-03,44.3125,44.46875,1.0,0.022566995768688293,1.0035260930888574,0.0035260930888574293,1993-05-04
1993-05-05,44.59375,44.4375,1.0,0.02242466713384723,0.9964961457603363,-0.0035038542396637062,1993-05-06
1993-05-26,45.59375,45.4375,1.0,0.02193283070596299,0.9965729952021933,-0.0034270047978066653,1993-05-27
1993-06-11,45.09375,45.03125,1.0,0.022176022176022176,0.9986139986139986,-0.001386001386001423,1993-06-14
1993-07-09,44.96875,44.9375,1.0,0.022237665045170257,0.9993050729673384,-0.0006949270326616075,1993-07-12
1993-08-17,45.53125,45.78125,1.0,0.02196293754289636,1.005490734385724,0.005490734385724005,1993-08-18
1993-08-26,46.28125,46.25,1.0,0.02160702228224173,0.99932478055368,-0.0006752194463199857,1993-08-27
1993-09-13,46.4375,46.25,1.0,0.021534320323014805,0.9959623149394348,-0.004037685060565233,1993-09-14
1993-10-12,46.21875,46.21875,1.0,0.021636240703177823,1.0,0.0,1993-10-13
1993-11-09,46.15625,46.5,1.0,0.021665538253215978,1.007447528774543,0.007447528774543022,1993-11-10
1993-11-26,46.5,46.3125,1.0,0.021505376344086023,0.995967741935484,-0.004032258064516014,1993-11-29
1993-12-02,46.53125,46.71875,1.0,0.021490933512424447,1.0040295500335796,0.004029550033579632,1993-12-03
1993-12-06,46.875,46.84375,1.0,0.021333333333333333,0.9993333333333333,-0.0006666666666667043,1993-12-07
1994-01-28,47.875,48.21875,1.0,0.020887728459530026,1.0071801566579635,0.007180156657963455,1994-01-31
1994-02-09,47.40625,47.0,1.0,0.02109426499670402,0.991430454845089,-0.00856954515491104,1994-02-10
1994-02-15,47.46875,47.4375,1.0,0.02106649111257406,0.9993416721527321,-0.0006583278472679366,1994-02-16
1994-05-18,45.515625,45.734375,1.0,0.021970477171301066,1.0048060418812221,0.004806041881222134,1994-05-19
1994-05-26,45.828125,45.875,1.0,0.021820661438799863,1.0010228435049437,0.001022843504943749,1994-05-27
1994-06-13,46.171875,46.53125,1.0,0.021658206429780034,1.0077834179357021,0.007783417935702142,1994-06-14
1994-07-14,45.375,45.390625,1.0,0.02203856749311295,1.0003443526170799,0.0003443526170798794,1994-07-15
1994-07-18,45.46875,45.375,1.0,0.021993127147766325,0.997938144329897,-0.0020618556701029744,1994-07-19
1994-07-25,45.40625,45.359375,1.0,0.02202339986235375,0.9989676531314521,-0.0010323468685479176,1994-07-26
1994-08-01,46.125,46.1875,1.0,0.02168021680216802,1.0013550135501355,0.0013550135501354532,1994-08-02
1994-08-03,46.203125,45.9375,1.0,0.021643557659790327,0.9942509299966181,-0.005749070003381873,1994-08-04
1994-08-10,46.140625,45.96875,1.0,0.021672875042329835,0.9962749746020996,-0.0037250253979004277,1994-08-11
1994-09-15,47.640625,47.015625,1.0,0.020990488684814693,0.9868809445719908,-0.013119055428009174,1994-09-16
1994-10-11,46.625,46.6875,1.0,0.021447721179624665,1.0013404825737267,0.0013404825737266535,1994-10-12
1994-10-13,46.84375,47.046875,1.0,0.02134756504336224,1.004336224149433,0.00433622414943291,1994-10-14
1994-10-27,46.671875,47.65625,1.0,0.021426180113826583,1.021091396049548,0.021091396049548017,1994-10-28
1994-11-09,46.90625,46.578125,1.0,0.021319120586275817,0.9930046635576283,-0.0069953364423717135,1994-11-10
1994-11-28,45.671875,45.65625,1.0,0.02189531303455354,0.9996578857338351,-0.0003421142661649279,1994-11-29
1994-12-06,45.640625,45.3125,1.0,0.021910304690174597,0.9928106812735364,-0.007189318726463556,1994-12-07
1994-12-13,45.515625,45.75,1.0,0.021970477171301066,1.0051493305870238,0.005149330587023826,1994-12-14
1994-12-15,45.890625,45.75,1.0,0.021790943139257744,0.9969356486210418,-0.003064351378958219,1994-12-16
1995-01-10,46.140625,46.171875,1.0,0.021672875042329835,1.000677277345073,0.0006772773450729463,1995-01-11
1995-01-12,46.1875,46.734375,1.0,0.02165087956698241,1.0118403247631935,0.011840324763193522,1995-01-13
1995-01-16,47.015625,47.03125,1.0,0.021269524759056163,1.0003323363243601,0.0003323363243601385,1995-01-17
1995-01-25,46.875,46.921875,1.0,0.021333333333333333,1.001,0.0009999999999998899,1995-01-26
1995-01-27,47.109375,46.90625,1.0,0.02122719734660033,0.9956882255389718,-0.0043117744610281505,1995-01-30
1995-02-06,48.234375,48.296875,1.0,0.020732102364755426,1.001295756397797,0.0012957563977971098,1995-02-07
1995-02-14,48.4375,48.703125,1.0,0.02064516129032258,1.0054838709677418,0.005483870967741833,1995-02-15
1995-02-24,49.0,48.609375,1.0,0.02040816326530612,0.9920280612244897,-0.007971938775510279,1995-02-27
1995-03-06,48.8125,48.4375,1.0,0.020486555697823303,0.9923175416133162,-0.007682458386683799,1995-03-07
1995-03-24,50.21875,50.421875,1.0,0.019912881144990666,1.0040448039825762,0.004044803982576228,1995-03-27
1995-04-24,51.484375,51.34375,1.0,0.019423368740515933,0.997268588770865,-0.0027314112291350057,1995-04-25
1995-04-28,51.59375,51.453125,1.0,0.019382192610539067,0.997274379164143,-0.0027256208358570344,1995-05-01
1995-05-12,52.75,53.0,1.0,0.018957345971563982,1.0047393364928912,0.004739336492891155,1995-05-15
1995-05-16,53.03125,52.828125,1.0,0.01885680612846199,0.9961697112551562,-0.0038302887448438128,1995-05-17
1995-05-23,53.15625,53.125,1.0,0.0188124632569077,0.9994121105232217,-0.0005878894767783471,1995-05-24
1995-07-06,55.515625,55.765625,1.0,0.018012946805516464,1.004503236701379,0.0045032367013790875,1995-07-07
1995-07-10,55.796875,55.53125,1.0,0.01792215065807897,0.9952394287314479,-0.004760571268552116,1995-07-11
1995-08-31,56.40625,56.65625,1.0,0.01772853185595568,1.004432132963989,0.004432132963988922,1995-09-01
1995-09-05,57.1875,57.296875,1.0,0.017486338797814208,1.0019125683060108,0.0019125683060108312,1995-09-06
1995-09-07,57.328125,57.546875,1.0,0.01744344508040338,1.0038157536113383,0.003815753611338346,1995-09-08
1995-09-11,57.703125,57.96875,1.0,0.017330083942594096,1.0046033035472515,0.004603303547251469,1995-09-12
1995-09-13,58.234375,58.765625,1.0,0.017171988194258116,1.0091226187281996,0.009122618728199638,1995-09-14
1995-10-13,58.625,58.34375,1.0,0.017057569296375266,0.9952025586353944,-0.004797441364605581,1995-10-16
1995-10-19,59.1875,58.828125,1.0,0.01689545934530095,0.9939281942977825,-0.0060718057022175476,1995-10-20
1995-11-03,59.234375,59.03125,1.0,0.01688208915853337,0.996570825639673,-0.0034291743603269698,1995-11-06
1995-11-17,60.1875,59.875,1.0,0.016614745586708203,0.9948078920041536,-0.005192107995846351,1995-11-20
1995-11-28,60.984375,61.046875,1.0,0.016397642838841917,1.0010248526774277,0.00102485267742769,1995-11-29
1995-12-05,62.140625,62.28125,1.0,0.016092532059341212,1.002263012320845,0.002263012320844915,1995-12-06
1995-12-26,61.5,61.46875,1.0,0.016260162601626018,0.9994918699186993,-0.0005081300813006839,1995-12-27
1996-01-03,62.3125,61.71875,1.0,0.0160481444332999,0.9904714142427282,-0.00952858575727178,1996-01-04
1996-01-22,61.28125,61.421875,1.0,0.01631820499745028,1.0022947475777666,0.002294747577766598,1996-01-23
1996-01-24,61.921875,61.703125,1.0,0.016149381781478678,0.9964673227353016,-0.003532677264698414,1996-01-25
1996-01-30,63.015625,63.671875,1.0,0.015869080089263576,1.0104140838085793,0.010414083808579333,1996-01-31
1996-02-01,63.90625,63.640625,1.0,0.015647921760391197,0.995843520782396,-0.004156479217603981,1996-02-02
1996-02-07,65.140625,65.84375,1.0,0.015351403214200048,1.0107939553849845,0.01079395538498451,1996-02-08
1996-03-05,65.875,65.296875,1.0,0.015180265654648957,0.9912239089184061,-0.00877609108159394,1996-03-06
1996-04-16,64.4375,64.28125,1.0,0.015518913676042677,0.9975751697381183,-0.002424830261881672,1996-04-17
1996-04-22,65.03125,65.234375,1.0,0.015377222489187891,1.0031234983181163,0.0031234983181163134,1996-04-23
1996-05-14,66.765625,66.6875,1.0,0.014977767376550433,0.9988298619237069,-0.0011701380762930702,1996-05-15
1996-05-20,67.640625,67.546875,1.0,0.014784014784014783,0.9986139986139986,-0.001386001386001423,1996-05-21
1996-06-05,68.125,67.625,1.0,0.014678899082568808,0.9926605504587156,-0.007339449541284404,1996-06-06
1996-07-01,67.6875,67.4375,1.0,0.014773776546629732,0.9963065558633425,-0.003693444136657509,1996-07-02
1996-07-18,64.4375,63.96875,1.0,0.015518913676042677,0.992725509214355,-0.007274490785645016,1996-07-19
1996-07-26,63.71875,63.015625,1.0,0.01569396763119176,0.9889651790093184,-0.011034820990681649,1996-07-29
1996-08-01,65.15625,66.5625,1.0,0.015347721822541967,1.0215827338129497,0.021582733812949728,1996-08-02
1996-09-13,68.5625,68.8125,1.0,0.014585232452142206,1.0036463081130356,0.003646308113035568,1996-09-16
1996-10-18,71.21875,71.125,1.0,0.014041246160596753,0.998683633172444,-0.0013163668275559814,1996-10-21
1996-11-06,72.84375,73.015625,1.0,0.013728013728013728,1.0023595023595024,0.002359502359502441,1996-11-07
1996-11-08,73.421875,73.34375,1.0,0.013619919131730156,0.9989359438178336,-0.0010640561821664285,1996-11-11
1996-11-15,74.03125,74.046875,1.0,0.013507809202195019,1.0002110595187843,0.00021105951878430673,1996-11-18
1996-11-19,74.578125,74.703125,1.0,0.013408757594804106,1.0016760946993504,0.0016760946993503723,1996-11-20
1996-12-19,75.046875,74.84375,1.0,0.013325005205080159,0.9972933583177181,-0.0027066416822818518,1996-12-20
1996-12-27,75.875,75.21875,1.0,0.013179571663920923,0.9913509060955519,-0.008649093904448124,1996-12-30
1997-01-20,77.65625,78.28125,1.0,0.012877263581488933,1.0080482897384306,0.008048289738430636,1997-01-21
1997-01-22,78.84375,77.75,1.0,0.012683313515655966,0.9861276258422513,-0.013872374157748668,1997-01-23
1997-01-30,78.5,78.40625,1.0,0.012738853503184714,0.9988057324840764,-0.0011942675159235527,1997-01-31
1997-02-13,81.375,81.1875,1.0,0.01228878648233487,0.9976958525345622,-0.0023041474654378336,1997-02-14
1997-02-25,81.390625,80.59375,1.0,0.012286427337300825,0.9902092532155884,-0.009790746784411608,1997-02-26
1997-04-07,76.140625,76.6875,1.0,0.013133593269033449,1.0071824338190025,0.0071824338190025205,1997-04-08
1997-04-16,76.5,76.1875,1.0,0.013071895424836602,0.9959150326797386,-0.004084967320261423,1997-04-17
1997-04-30,80.09375,80.0,1.0,0.012485368708544674,0.998829496683574,-0.001170503316425986,1997-05-01
1997-05-12,84.0,83.65625,1.0,0.011904761904761904,0.995907738095238,-0.0040922619047619735,1997-05-13
1997-06-09,86.8125,87.078125,1.0,0.011519078473722102,1.0030597552195823,0.0030597552195823496,1997-06-10
1997-06-11,87.28125,88.96875,1.0,0.011457214464733263,1.0193340494092376,0.019334049409237553,1997-06-12
1997-06-13,89.71875,89.75,1.0,0.01114594218042494,1.0003483106931383,0.00034831069313834284,1997-06-16
1997-07-03,92.0625,91.125,1.0,0.010862186014935505,0.9898167006109979,-0.010183299389002087,1997-07-07
1997-07-14,92.0625,92.53125,1.0,0.010862186014935505,1.005091649694501,0.005091649694501044,1997-07-15
1997-07-16,93.75,93.28125,1.0,0.010666666666666666,0.995,-0.0050000000000000044,1997-07-17
1997-08-06,96.03125,95.3125,1.0,0.010413276928083305,0.9925154572079401,-0.007484542792059901,1997-08-07
1997-08-20,94.25,92.59375,1.0,0.010610079575596816,0.9824270557029178,-0.017572944297082227,1997-08-21
1997-10-03,96.640625,97.28125,1.0,0.010347615198059823,1.0066289409862572,0.006628940986257215,1997-10-06
1997-10-07,98.1875,97.5,1.0,0.010184595798854232,0.9929980903882877,-0.00700190961171232,1997-10-08
1997-11-17,94.78125,94.1875,1.0,0.010550609957138147,0.9937355753379492,-0.006264424662050794,1997-11-18
1997-11-21,96.75,95.0,1.0,0.0103359173126615,0.9819121447028424,-0.018087855297157618,1997-11-24
1997-11-28,95.625,98.09375,1.0,0.01045751633986928,1.0258169934640522,0.025816993464052196,1997-12-01
1997-12-16,97.3125,96.8125,1.0,0.010276172125883108,0.9948619139370584,-0.005138086062941638,1997-12-17
1997-12-30,97.125,97.0625,1.0,0.010296010296010296,0.9993564993564993,-0.0006435006435007162,1997-12-31
1998-01-14,95.75,94.953125,1.0,0.010443864229765013,0.991677545691906,-0.008322454308093974,1998-01-15
1998-01-29,98.25,98.3125,1.0,0.010178117048346057,1.0006361323155217,0.0006361323155217313,1998-01-30
1998-02-02,99.9375,100.6875,1.0,0.010006253908692933,1.0075046904315197,0.007504690431519689,1998-02-03
1998-03-12,107.5,107.09375,1.0,0.009302325581395349,0.9962209302325581,-0.0037790697674419116,1998-03-13
1998-03-18,108.96875,109.25,1.0,0.009176942930886148,1.0025810151993118,0.0025810151993117536,1998-03-19
1998-03-20,109.875,109.625,1.0,0.009101251422070534,0.9977246871444823,-0.0022753128555177415,1998-03-23
1998-04-02,112.03125,112.59375,1.0,0.00892608089260809,1.0050209205020921,0.00502092050209213,1998-04-03
1998-05-01,112.59375,112.3125,1.0,0.008881487649181239,0.9975020815986678,-0.0024979184013321776,1998-05-04
1998-06-24,113.40625,113.21875,1.0,0.008817856158721412,0.9983466519702399,-0.0016533480297601377,1998-06-25
1998-07-06,116.0,115.78125,1.0,0.008620689655172414,0.998114224137931,-0.0018857758620689502,1998-07-07
1998-07-14,117.8125,117.59375,1.0,0.008488063660477453,0.9981432360742705,-0.001856763925729532,1998-07-15
1998-08-07,109.125,108.5,1.0,0.009163802978235968,0.9942726231386025,-0.00572737686139746,1998-08-10
1998-09-15,104.0625,105.0,1.0,0.00960960960960961,1.009009009009009,0.009009009009008917,1998-09-16
1998-10-16,106.0,106.375,1.0,0.009433962264150943,1.0035377358490565,0.003537735849056478,1998-10-19
1998-10-20,107.0,106.625,1.0,0.009345794392523364,0.9964953271028036,-0.003504672897196359,1998-10-21
1998-11-02,111.875,111.0625,1.0,0.008938547486033519,0.9927374301675976,-0.007262569832402366,1998-11-03
1998-11-06,114.125,113.3125,1.0,0.008762322015334063,0.9928806133625411,-0.007119386637458924,1998-11-09
1998-11-20,116.625,119.375,1.0,0.00857449088960343,1.0235798499464095,0.023579849946409492,1998-11-23
1998-12-21,120.15625,120.6875,1.0,0.008322496749024707,1.0044213263979194,0.004421326397919367,1998-12-22
1998-12-23,123.21875,122.6875,1.0,0.008115647983768704,0.9956885620086229,-0.004311437991377121,1998-12-24
1999-01-20,126.1875,122.84375,1.0,0.0079247152055473,0.9735017335314512,-0.026498266468548803,1999-01-21
1999-02-22,127.5625,127.5,1.0,0.007839294463498285,0.9995100440960314,-0.0004899559039686086,1999-02-23
1999-03-05,127.546875,128.375,1.0,0.00784025480828127,1.0064927110131079,0.006492711013107888,1999-03-08
1999-04-09,134.875,136.3125,1.0,0.0074142724745134385,1.010658016682113,0.01065801668211308,1999-04-12
1999-04-22,136.15625,135.8125,1.0,0.007344503098462245,0.9974753270599036,-0.002524672940096395,1999-04-23
1999-05-13,137.34375,133.78125,1.0,0.0072810011376564275,0.974061433447099,-0.025938566552901055,1999-05-14
1999-06-04,133.21875,133.5625,1.0,0.00750645085620455,1.0025803424818203,0.0025803424818202636,1999-06-07
1999-06-16,133.3125,134.5625,1.0,0.007501172058134084,1.0093764650726678,0.009376465072667761,1999-06-17
1999-06-30,137.0,138.03125,1.0,0.0072992700729927005,1.0075273722627738,0.007527372262773779,1999-07-01
1999-07-02,139.40625,139.375,1.0,0.00717327953373683,0.9997758350145707,-0.0002241649854293204,1999-07-06
1999-07-09,140.5,139.875,1.0,0.0071174377224199285,0.9955516014234875,-0.004448398576512469,1999-07-12
1999-07-16,141.8125,140.875,1.0,0.007051564565888057,0.9933891582194799,-0.006610841780520071,1999-07-19
1999-08-17,134.625,133.65625,1.0,0.007428040854224698,0.9928040854224698,-0.007195914577530216,1999-08-18
1999-08-24,136.96875,138.375,1.0,0.00730093543235227,1.0102669404517453,0.010266940451745254,1999-08-25
1999-10-20,128.25,129.0,1.0,0.007797270955165692,1.0058479532163742,0.005847953216374213,1999-10-21
1999-10-22,130.09375,129.4375,1.0,0.007686764352630314,0.9949555608935863,-0.005044439106413723,1999-10-25
1999-10-29,137.0,135.5625,1.0,0.0072992700729927005,0.989507299270073,-0.01049270072992703,1999-11-01
1999-11-05,137.875,138.0,1.0,0.007252946509519492,1.0009066183136899,0.0009066183136898776,1999-11-08
1999-11-12,139.75,140.078125,1.0,0.007155635062611807,1.0023479427549196,0.002347942754919563,1999-11-15
1999-11-16,141.25,141.625,1.0,0.007079646017699115,1.002654867256637,0.0026548672566371057,1999-11-17
1999-11-18,142.625,142.5,1.0,0.007011393514460999,0.9991235758106924,-0.0008764241893075564,1999-11-19
1999-12-03,143.84375,142.78125,1.0,0.00695198783402129,0.9926135129263524,-0.007386487073647641,1999-12-06
1999-12-13,142.125,140.75,1.0,0.007036059806508356,0.9903254177660511,-0.009674582233948903,1999-12-14
1999-12-17,142.6875,141.65625,1.0,0.00700832238282961,0.992772667542707,-0.007227332457293012,1999-12-20
1999-12-23,146.484375,146.28125,1.0,0.006826666666666667,0.9986133333333334,-0.0013866666666666472,1999-12-27
2000-02-02,141.0625,143.1875,1.0,0.007089056269384138,1.0150642445724414,0.015064244572441376,2000-02-03
2000-03-01,138.4375,138.53125,1.0,0.007223476297968397,1.0006772009029345,0.0006772009029345494,2000-03-02
2000-03-03,141.125,139.75,1.0,0.0070859167404783,0.9902568644818424,-0.009743135518157642,2000-03-06
2000-03-17,146.9375,146.1875,1.0,0.006805614632071459,0.9948957890259464,-0.005104210974053558,2000-03-20
2000-03-23,152.65625,153.5625,1.0,0.0065506653019447286,1.0059365404298874,0.005936540429887449,2000-03-24
2000-05-15,145.28125,146.6875,1.0,0.006883200688320069,1.0096795009679502,0.009679500967950228,2000-05-16
2000-05-31,142.8125,145.3125,1.0,0.00700218818380744,1.0175054704595186,0.017505470459518557,2000-06-01
2000-06-02,147.84375,147.125,1.0,0.006763897696047347,0.9951384485309659,-0.004861551469034109,2000-06-05
2000-06-15,148.15625,146.59375,1.0,0.006749630879561274,0.9894537017506855,-0.010546298249314523,2000-06-16
2000-07-13,149.78125,151.25,1.0,0.006676403087836428,1.0098059670352597,0.00980596703525971,2000-07-14
2000-08-02,144.59375,145.59375,1.0,0.006915928247244435,1.0069159282472444,0.006915928247244407,2000-08-03
2000-08-04,146.375,148.125,1.0,0.006831767719897523,1.0119555935098206,0.011955593509820561,2000-08-07
2000-08-08,148.6875,147.4375,1.0,0.006725514922236234,0.9915931063472047,-0.008406893652795344,2000-08-09
2000-10-23,140.53125,139.59375,1.0,0.00711585501445408,0.9933288859239493,-0.006671114076050699,2000-10-24
2000-10-30,140.53125,142.953125,1.0,0.00711585501445408,1.017233711363131,0.0172337113631309,2000-10-31
2000-11-06,143.78125,143.75,1.0,0.006955009780482504,0.99978265594436,-0.0002173440556400008,2000-11-07
2000-12-26,132.34375,133.3125,1.0,0.007556080283353011,1.0073199527744983,0.007319952774498262,2000-12-27
2000-12-28,133.71875,131.1875,1.0,0.007478382799719561,0.9810703435382099,-0.018929656461790123,2000-12-29
2001-01-18,134.78125,134.015625,1.0,0.00741942963134709,0.9943194991884998,-0.005680500811500178,2001-01-19
2001-01-24,136.375,136.03125,1.0,0.007332722273143905,0.9974793767186069,-0.0025206232813931306,2001-01-25
2001-03-07,126.9800033569336,127.12000274658205,1.0,0.007875255737622378,1.0011025309965926,0.0011025309965926322,2001-03-08
2001-03-27,118.30999755859376,115.04000091552734,1.0,0.008452371064455004,0.9723607749932804,-0.02763922500671956,2001-03-28
2001-04-11,116.7300033569336,118.8499984741211,1.0,0.008566777788416824,1.0181615270814741,0.018161527081474116,2001-04-12
2001-04-19,125.6500015258789,124.5,1.0,0.007958615104306543,0.9908475804861646,-0.009152419513835386,2001-04-20
2001-04-27,125.77999877929688,126.66000366210938,1.0,0.007950389646247938,1.0069963817089602,0.00699638170896022,2001-04-30
2001-05-01,127.0500030517578,126.81999969482422,1.0,0.007870916772765591,0.9981896627201191,-0.0018103372798808914,2001-05-02
2001-05-16,128.9499969482422,129.14999389648438,1.0,0.007754943960187753,1.0015509651258268,0.0015509651258267532,2001-05-17
2001-05-18,129.74000549316406,131.64999389648438,1.0,0.007707722812241514,1.0147216611873886,0.014721661187388602,2001-05-21
2001-06-04,127.33999633789062,128.8000030517578,1.0,0.007852992215788569,1.011465421358998,0.011465421358997974,2001-06-05
2001-06-21,123.81999969482422,122.8499984741211,1.0,0.008076239722699666,0.9921660376102902,-0.007833962389709792,2001-06-22
2001-07-02,124.12999725341795,124.0999984741211,1.0,0.008056070427186484,0.9997583277212547,-0.0002416722787452752,2001-07-03
2001-07-13,122.23999786376952,120.70999908447266,1.0,0.008180628415213578,0.9874836485108419,-0.012516351489158084,2001-07-16
2001-07-27,120.80999755859376,120.8499984741211,1.0,0.008277460642402484,1.0003311060039377,0.00033110600393770895,2001-07-30
2001-07-31,121.3499984741211,122.11000061035156,1.0,0.008240626391217124,1.0062628936612021,0.00626289366120214,2001-08-01
2001-08-02,122.61000061035156,121.94000244140624,1.0,0.00815594156285791,0.99453553408686,-0.005464465913139982,2001-08-03
2001-08-13,119.31999969482422,119.2699966430664,1.0,0.008380824694582843,0.9995809331890237,-0.0004190668109762541,2001-08-14
2001-10-04,107.44000244140624,107.2300033569336,1.0,0.009307520265046184,0.9980454292656298,-0.00195457073437022,2001-10-05
2001-11-05,110.68000030517578,112.4000015258789,1.0,0.009035055992435126,1.0155403073361096,0.01554030733610956,2001-11-06
2001-11-15,114.87000274658205,114.36000061035156,1.0,0.00870549295803647,0.9955601799944619,-0.004439820005538109,2001-11-16
2001-12-18,114.9800033569336,115.79000091552734,1.0,0.008697164470379165,1.0070446819876955,0.007044681987695478,2001-12-19
2002-01-04,117.62000274658205,116.79000091552734,1.0,0.00850195525122158,0.9929433615739409,-0.007056638426059081,2002-01-07
2002-03-19,117.4499969482422,115.23999786376952,1.0,0.008514261609054613,0.9811834896390284,-0.01881651036097165,2002-03-20
2002-07-30,90.94000244140624,91.16000366210938,1.0,0.010996260975958433,1.0024191908378812,0.0024191908378812244,2002-07-31
2002-08-08,90.9499969482422,91.29000091552734,1.0,0.01099505259542867,1.0037383615029545,0.0037383615029544792,2002-08-09
2002-09-10,91.6999969482422,91.12999725341795,1.0,0.010905125771862624,0.9937840816380182,-0.006215918361981765,2002-09-11
2002-10-14,84.62999725341797,88.69999694824219,1.0,0.011816141231879962,1.0480916912077514,0.048091691207751364,2002-10-15
2002-10-21,90.16999816894533,89.5199966430664,1.0,0.011090163250601035,0.9927913769648631,-0.0072086230351369185,2002-10-22
2002-11-05,91.8499984741211,93.04000091552734,1.0,0.010887316457405842,1.0129559331646754,0.01295593316467536,2002-11-06
2002-11-14,90.7300033569336,91.4000015258789,1.0,0.01102171236637103,1.0073845271041106,0.007384527104110639,2002-11-15
2003-01-02,91.06999969482422,91.3499984741211,1.0,0.010980564437806109,1.0030745446385765,0.003074544638576482,2003-01-03
2003-01-06,92.95999908447266,92.7300033569336,1.0,0.01075731508012711,0.9975258634917793,-0.0024741365082207034,2003-01-07
2003-02-18,85.62999725341797,85.18000030517578,1.0,0.011678150555587977,0.9947448678888726,-0.005255132111127381,2003-02-19
2003-03-14,84.12999725341797,86.77999877929688,1.0,0.011886366725863321,1.031498889960694,0.031498889960694054,2003-03-17
2003-03-18,87.29000091552734,87.95999908447266,1.0,0.011456065866784952,1.007675543154063,0.007675543154062936,2003-03-19
2003-03-20,88.1500015258789,89.66999816894531,1.0,0.011344299293136392,1.017243296843508,0.017243296843507894,2003-03-21
2003-04-22,91.33999633789062,92.18000030517578,1.0,0.010948106416610063,1.0091964528242126,0.009196452824212553,2003-04-23
2003-05-23,93.76000213623048,95.4000015258789,1.0,0.0106655287672352,1.0174914606685435,0.017491460668543457,2003-05-27
2003-05-28,95.66999816894533,95.41999816894533,1.0,0.01045259767052658,0.9973868505823684,-0.0026131494176315773,2003-05-29
2003-06-03,97.75,99.16000366210938,1.0,0.010230179028132993,1.014424589893702,0.0144245898937021,2003-06-04
2003-06-05,99.6500015258789,99.26000213623048,1.0,0.010035122776594258,0.9960863082420812,-0.00391369175791878,2003-06-06
2003-06-12,100.61000061035156,99.55999755859376,1.0,0.009939369783654608,0.9895636313946135,-0.010436368605386548,2003-06-13
2003-08-08,98.27999877929688,98.6500015258789,1.0,0.010175010301390586,1.0037647817580149,0.003764781758014868,2003-08-11
2003-08-12,99.5500030517578,99.04000091552734,1.0,0.010045203107428157,0.9948769249563428,-0.005123075043657166,2003-08-13
2003-08-18,100.4800033569336,100.86000061035156,1.0,0.009952228966869309,1.003781819672797,0.0037818196727970044,2003-08-19
2003-08-27,100.13999938964844,100.76000213623048,1.0,0.009986019633462979,1.0061913596001693,0.006191359600169255,2003-08-28
2003-08-29,101.44000244140624,102.8000030517578,1.0,0.009858043926779476,1.0134069457572925,0.01340694575729251,2003-09-02
2003-09-03,103.36000061035156,103.41000366210938,1.0,0.00967492254348777,1.0004837756526948,0.0004837756526947512,2003-09-04
2003-10-03,103.38999938964844,103.86000061035156,1.0,0.009672115348712552,1.0045459060206763,0.0045459060206762825,2003-10-06
2003-10-07,104.26000213623048,104.0,1.0,0.009591405903611608,0.9975062139756072,-0.0024937860243927634,2003-10-08
2003-10-13,104.9000015258789,105.2699966430664,1.0,0.009532888326539245,1.0035271221335134,0.0035271221335133607,2003-10-14
2003-10-28,105.04000091552734,105.18000030517578,1.0,0.009520182704531725,1.001332819767976,0.0013328197679760567,2003-10-29
2003-10-30,105.4000015258789,105.3000030517578,1.0,0.009487665896802378,0.9990512478873488,-0.0009487521126512188,2003-10-31
2003-11-25,105.98999786376952,106.37000274658205,1.0,0.009434852534720442,1.00358529003181,0.0035852900318100733,2003-11-26
2003-11-28,106.4499969482422,107.5999984741211,1.0,0.009394081997824922,1.01080320863173,0.01080320863173001,2003-12-01
2003-12-18,109.72000122070312,108.9000015258789,1.0,0.009114108538774875,0.9925264337796098,-0.007473566220390193,2003-12-19
2003-12-30,111.18000030517578,111.27999877929688,1.0,0.008994423432767762,1.0008994286188757,0.0008994286188757084,2003-12-31
2004-01-07,112.93000030517578,113.37999725341795,1.0,0.008855042923028914,1.0039847422919164,0.0039847422919163655,2004-01-08
2004-01-16,114.2300033569336,114.1999969482422,1.0,0.008754267448240441,0.9997373158731544,-0.0002626841268456026,2004-01-20
2004-02-09,114.4800033569336,114.8499984741211,1.0,0.008735149988440615,1.0032319628436235,0.0032319628436234815,2004-02-10
2004-02-11,116.06999969482422,115.6500015258789,1.0,0.008615490674844828,0.9963815096919998,-0.0036184903080002107,2004-02-12
2004-02-27,115.0199966430664,116.16000366210938,1.0,0.00869414040328336,1.0099113810842881,0.009911381084288129,2004-03-01
2004-03-05,116.37999725341795,114.95999908447266,1.0,0.008592541876612143,0.9877986062686249,-0.012201393731375076,2004-03-08
2004-03-18,113.06999969482422,111.05999755859376,1.0,0.00884407891305385,0.9822233824917711,-0.017776617508228898,2004-03-19
2004-03-26,111.02999877929688,112.58999633789062,1.0,0.009006574898625183,1.014050234853147,0.014050234853147048,2004-03-29
2004-03-30,112.97000122070312,113.0999984741211,1.0,0.008851907490435061,1.0011507236612665,0.0011507236612664506,2004-03-31
2004-04-01,113.77999877929688,114.63999938964844,1.0,0.008788890936268471,1.0075584515695042,0.007558451569504188,2004-04-02
2004-04-05,115.2699966430664,114.9000015258789,1.0,0.008675284368199476,0.9967901871435533,-0.0032098128564467254,2004-04-06
2004-04-23,114.36000061035156,114.1999969482422,1.0,0.008744316147804241,0.9986008773937094,-0.0013991226062906037,2004-04-26
2004-05-24,110.2699966430664,111.8499984741211,1.0,0.00906864995413853,1.0143284835327329,0.01432848353273286,2004-05-25
2004-05-26,112.23999786376952,112.87000274658205,1.0,0.00890947985595779,1.0056130158125731,0.005613015812573119,2004-05-27
2004-06-08,114.86000061035156,113.79000091552734,1.0,0.008706251042017466,0.9906843140419783,-0.00931568595802168,2004-06-09
2004-07-13,111.86000061035156,111.5199966430664,1.0,0.008939746062431718,0.9969604508722513,-0.0030395491277487308,2004-07-14
2004-07-29,110.56999969482422,110.83999633789062,1.0,0.009044044521660698,1.0024418616605917,0.002441861660591682,2004-07-30
2004-08-02,111.06999969482422,110.20999908447266,1.0,0.009003331257293587,0.9922571296235303,-0.0077428703764697016,2004-08-03
2004-08-17,108.91000366210938,110.02999877929688,1.0,0.009181892997657731,1.0102836753239146,0.01028367532391461,2004-08-18
2004-09-02,112.58000183105467,112.12000274658205,1.0,0.008882572248494622,0.9959140248979306,-0.004085975102069428,2004-09-03
2004-09-14,113.66000366210938,112.8000030517578,1.0,0.008798169697168224,0.9924335686904586,-0.007566431309541377,2004-09-15
2004-10-05,113.9000015258789,114.68000030517578,1.0,0.008779631137869589,1.0068481015702153,0.006848101570215315,2004-10-06
2004-10-28,113.22000122070312,113.1999969482422,1.0,0.008832361678310445,0.9998233150305137,-0.00017668496948630708,2004-10-29
2004-11-03,114.9800033569336,116.5500030517578,1.0,0.008697164470379165,1.013654545564331,0.0136545455643311,2004-11-04
2004-11-05,117.27999877929688,117.11000061035156,1.0,0.008526603090112987,0.9985504930873574,-0.001449506912642562,2004-11-08
2004-11-12,118.79000091552734,118.7300033569336,1.0,0.008418216956754711,0.9994949275348821,-0.000505072465117884,2004-11-15
2004-11-24,118.44000244140624,118.3499984741211,1.0,0.008443093375438864,0.9992400881000515,-0.0007599118999485066,2004-11-26
2004-12-02,119.33000183105467,119.25,1.0,0.008380122221197838,0.9993295748778422,-0.0006704251221577584,2004-12-03
2004-12-10,119.33000183105467,120.37000274658205,1.0,0.008380122221197838,1.008715334782277,0.00871533478227704,2004-12-13
2004-12-14,120.79000091552734,120.87999725341795,1.0,0.008278830966309329,1.0007450644689833,0.0007450644689832586,2004-12-15
2004-12-22,120.68000030517578,120.7699966430664,1.0,0.008286377174935352,1.0007457436001246,0.0007457436001245821,2004-12-23
2005-01-27,117.43000030517578,117.43000030517578,1.0,0.008515711465564261,1.0,0.0,2005-01-28
2005-02-02,119.2699966430664,118.95999908447266,1.0,0.008384338292493224,0.997400875598903,-0.002599124401096997,2005-02-03
2005-02-25,121.43000030517578,120.62999725341795,1.0,0.008235197212277175,0.9934118170983508,-0.006588182901649198,2005-02-28
2005-03-07,122.79000091552734,122.33000183105467,1.0,0.008143985605863331,0.9962537740773442,-0.0037462259226558325,2005-03-08
2005-03-28,117.30999755859376,116.52999877929688,1.0,0.00852442264778432,0.9933509607405174,-0.00664903925948257,2005-03-29
2005-04-06,118.5999984741211,119.23999786376952,1.0,0.008431703312527473,1.0053962849737144,0.00539628497371436,2005-04-07
2005-05-03,116.5999984741211,117.5,1.0,0.008576329443279932,1.0077187095853921,0.007718709585392114,2005-05-04
2005-05-18,118.79000091552734,119.29000091552734,1.0,0.008418216956754711,1.0042091084783773,0.004209108478377299,2005-05-19
2005-06-15,121.08999633789062,121.4000015258789,1.0,0.008258320507414922,1.0025601222013687,0.0025601222013686975,2005-06-16
2005-06-22,121.56999969482422,119.86000061035156,1.0,0.008225713601302037,0.9859340372726393,-0.014065962727360715,2005-06-23
2005-07-11,121.94000244140624,122.26000213623048,1.0,0.008200754305220824,1.0026242388749993,0.002624238874999296,2005-07-12
2005-07-13,122.43000030517578,122.91000366210938,1.0,0.008167932675874743,1.0039206351036274,0.00392063510362739,2005-07-14
2005-07-28,124.56999969482422,123.73999786376952,1.0,0.008027615015251134,0.9933370648383394,-0.00666293516166061,2005-07-29
2005-09-26,121.58000183105467,121.5500030517578,1.0,0.00822503688879345,0.9997532589336643,-0.00024674106633570947,2005-09-27
2005-09-30,123.04000091552734,122.5999984741211,1.0,0.008127438170994051,0.9964239073623842,-0.003576092637615824,2005-10-03
2005-11-01,120.48999786376952,121.75,1.0,0.008299444084401406,1.010457317275871,0.01045731727587107,2005-11-02
2005-11-03,122.2699966430664,122.11000061035156,1.0,0.008178621309029922,0.9986914530374781,-0.001308546962521917,2005-11-04
2005-11-11,123.76000213623048,123.69000244140624,1.0,0.008080154999506517,0.9994343916159019,-0.0005656083840981374,2005-11-14
2005-11-18,125.12999725341795,125.76000213623048,1.0,0.007991688819226636,1.0050348029780312,0.005034802978031161,2005-11-21
2005-11-22,126.3000030517578,127.02999877929688,1.0,0.00791765618240088,1.0057798551852761,0.005779855185276128,2005-11-23
2005-11-25,127.12999725341795,126.2300033569336,1.0,0.007865964143825344,0.9929206802805924,-0.007079319719407562,2005-11-28
2005-12-13,127.30999755859376,127.80999755859376,1.0,0.007854842661038896,1.0039274213305194,0.003927421330519376,2005-12-14
2005-12-22,126.69000244140624,126.76000213623048,1.0,0.007893282664214149,1.0005525273776565,0.000552527377656542,2005-12-23
2006-01-05,127.37999725341795,128.44000244140625,1.0,0.00785052615451495,1.0083215984522238,0.0083215984522238,2006-01-06
2006-01-09,128.77000427246094,128.89999389648438,1.0,0.007765783698229343,1.0010094713031803,0.0010094713031802982,2006-01-10
2006-01-11,129.30999755859375,128.8000030517578,1.0,0.007733354101618274,0.9960560318887575,-0.003943968111242535,2006-01-12
2006-01-25,126.66000366210938,127.36000061035156,1.0,0.00789515214816903,1.005526582409626,0.005526582409626002,2006-01-26
2006-01-27,128.5399932861328,128.44000244140625,1.0,0.007779679883551716,0.9992221032367414,-0.0007778967632585676,2006-01-30
2006-02-16,129.16000366210938,128.80999755859375,1.0,0.007742334868742048,0.9972901355404784,-0.0027098644595215937,2006-02-17
2006-03-14,130.17999267578125,130.75999450683594,1.0,0.0076816719639133954,1.0044553838046313,0.0044553838046312855,2006-03-15
2006-03-16,131.02999877929688,130.6199951171875,1.0,0.007631840107732665,0.9968709176071964,-0.003129082392803628,2006-03-17
2006-04-20,131.1300048828125,131.14999389648438,1.0,0.007626019696206633,1.0001524366119694,0.00015243661196939762,2006-04-21
2006-04-28,131.47000122070312,130.39999389648438,1.0,0.0076062979441315,0.9918612054895892,-0.008138794510410774,2006-05-01
2006-05-26,128.3800048828125,126.0999984741211,1.0,0.007789374995840025,0.9822401750897841,-0.017759824910215882,2006-05-30
2006-06-02,129.0,127.12000274658205,1.0,0.007751937984496124,0.9854263778804809,-0.01457362211951907,2006-06-05
2006-06-30,127.27999877929688,127.8000030517578,1.0,0.007856693978556654,1.0040855144362675,0.004085514436267479,2006-07-03
2006-07-26,126.83000183105467,126.70999908447266,1.0,0.00788456978288198,0.9990538299704366,-0.0009461700295634312,2006-07-27
2006-08-16,129.6999969482422,130.02999877929688,1.0,0.007710100412716725,1.002544347253812,0.0025443472538120293,2006-08-17
2006-08-18,130.69000244140625,130.1300048828125,1.0,0.007651694707468856,0.9957150696447128,-0.004284930355287209,2006-08-21
2006-08-29,130.5800018310547,130.66000366210938,1.0,0.007658140496075402,1.00061266526216,0.0006126652621600837,2006-08-30
2006-09-12,131.69000244140625,132.22000122070312,1.0,0.007593590868410356,1.0040245938907373,0.0040245938907372825,2006-09-13
2006-09-14,132.22999572753906,131.9600067138672,1.0,0.007562580596769494,0.9979581863238641,-0.002041813676135873,2006-09-15
2006-09-27,133.74000549316406,133.69000244140625,1.0,0.007477194249488151,0.9996261174689397,-0.0003738825310602989,2006-09-28
2006-10-05,135.17999267578125,135.00999450683594,1.0,0.007397544416194952,0.9987424309945553,-0.0012575690054447142,2006-10-06
2006-10-16,136.83999633789062,136.41000366210938,1.0,0.007307804931028799,0.9968576974036195,-0.0031423025963804863,2006-10-17
2006-10-20,136.83999633789062,137.47000122070312,1.0,0.007307804931028799,1.0046039527891895,0.004603952789189458,2006-10-23
2006-10-24,137.8800048828125,138.35000610351562,1.0,0.007252683236049519,1.0034087699743164,0.0034087699743163835,2006-10-25
2006-10-26,138.77999877929688,137.91000366210938,1.0,0.007205649292376125,0.9937311202994672,-0.006268879700532803,2006-10-27
2006-11-08,138.91000366210938,138.17999267578125,1.0,0.007198905576537473,0.9947447198395889,-0.005255280160411102,2006-11-09
2006-11-14,139.6199951171875,140.02000427246094,1.0,0.007162297915571965,1.0028649847390247,0.002864984739024745,2006-11-15
2006-11-16,140.3800048828125,140.4199981689453,1.0,0.007123521621435956,1.0002848930384793,0.0002848930384793391,2006-11-17
2006-11-20,140.5,140.63999938964844,1.0,0.0071174377224199285,1.0009964369369995,0.0009964369369994674,2006-11-21
2006-11-22,140.9199981689453,140.35000610351562,1.0,0.007096224900607266,0.9959552081121493,-0.004044791887850674,2006-11-24
2006-11-30,140.52999877929688,140.22000122070312,1.0,0.007115918371069692,0.997794082677816,-0.0022059173221840034,2006-12-01
2007-01-12,143.24000549316406,142.9600067138672,1.0,0.006981289874690236,0.9980452473571692,-0.001954752642830848,2007-01-16
2007-02-01,144.61000061035156,144.80999755859375,1.0,0.006915151066864855,1.0013830091100067,0.001383009110006661,2007-02-02
2007-02-05,144.85000610351562,144.88999938964844,1.0,0.006903693185110119,1.0002761013769252,0.00027610137692524184,2007-02-06
2007-02-07,145.2100067138672,145.02000427246094,1.0,0.006886577740957452,0.9986915334162841,-0.0013084665837158616,2007-02-08
2007-02-15,145.8000030517578,145.72999572753906,1.0,0.006858710418853751,0.9995198400359847,-0.00048015996401529204,2007-02-16
2007-03-12,140.99000549316406,138.25,1.0,0.007092701333701879,0.9805659593842848,-0.019434040615715187,2007-03-13
2007-03-21,143.2899932861328,143.17999267578125,1.0,0.0069788543991562675,0.9992323217565381,-0.0007676782434619112,2007-03-22
2007-04-02,142.16000366210938,143.69000244140625,1.0,0.007034327337081626,1.0107625122389094,0.01076251223890945,2007-04-03
2007-04-04,143.85000610351562,144.24000549316406,1.0,0.006951685488844484,1.0027111530976773,0.0027111530976773324,2007-04-05
2007-04-09,144.44000244140625,144.61000061035156,1.0,0.006923289830361652,1.0011769465942393,0.001176946594239281,2007-04-10
2007-04-16,146.6999969482422,147.08999633789062,1.0,0.006816632725308195,1.0026584826023277,0.0026584826023277053,2007-04-17
2007-04-18,147.27000427246094,147.22999572753906,1.0,0.0067902490051533,0.9997283320176467,-0.0002716679823533408,2007-04-19
2007-04-26,149.64999389648438,149.52999877929688,1.0,0.006682258875945683,0.9991981615631037,-0.0008018384368962961,2007-04-27
2007-05-03,150.35000610351562,150.9199981689453,1.0,0.00665114705290735,1.0037911010461633,0.0037911010461633143,2007-05-04
2007-05-07,150.9499969482422,150.75,1.0,0.006624710302861951,0.9986750781564391,-0.0013249218435609222,2007-05-08
2007-05-30,153.47999572753906,153.32000732421875,1.0,0.006515507087811112,0.9989575944241988,-0.001042405575801153,2007-05-31
2007-06-15,153.07000732421875,152.88999938964844,1.0,0.006532958464435769,0.9988240156401833,-0.0011759843598166952,2007-06-18
2007-07-03,152.33999633789062,152.17999267578125,1.0,0.006564264303787934,0.9989496936723401,-0.0010503063276599,2007-07-05
2007-07-13,154.85000610351562,154.8300018310547,1.0,0.006457862192988939,0.9998708151651763,-0.00012918483482371457,2007-07-16
2007-08-08,149.8300018310547,145.38999938964844,1.0,0.006674230713335905,0.9703663993382801,-0.02963360066171994,2007-08-09
2007-09-13,148.91000366210938,148.89999389648438,1.0,0.006715465552395612,0.9999327797637577,-6.722023624228246e-05,2007-09-14
2007-10-29,154.1300048828125,153.05999755859375,1.0,0.006488029379875229,0.9930577610437871,-0.006942238956212932,2007-10-30
2007-11-29,147.17999267578125,148.66000366210938,1.0,0.0067944017513499435,1.010055789237525,0.010055789237525037,2007-11-30
2007-12-24,149.22999572753906,149.5500030517578,1.0,0.006701065661261417,1.0021443900916744,0.002144390091674442,2007-12-26
2008-02-13,136.3699951171875,135.1699981689453,1.0,0.007332991389643045,0.9912004327109422,-0.008799567289057841,2008-02-14
2008-02-26,138.36000061035156,138.22000122070312,1.0,0.007227522373436473,0.9989881512790484,-0.0010118487209516136,2008-02-27
2008-03-25,134.85000610351562,133.1999969482422,1.0,0.007415646679558655,0.9877641150864551,-0.012235884913544881,2008-03-26
2008-04-02,136.6999969482422,137.0399932861328,1.0,0.00731528911722378,1.0024871715104673,0.00248717151046729,2008-04-03
2008-04-17,137.0500030517578,138.47999572753906,1.0,0.007296606915231834,1.0104340944468364,0.010434094446836406,2008-04-18
2008-04-21,138.5500030517578,137.94000244140625,1.0,0.007217610811790688,0.9955972529995276,-0.0044027470004723845,2008-04-22
2008-04-28,139.6300048828125,139.0800018310547,1.0,0.007161784466306304,0.9960609966874998,-0.003939003312500189,2008-04-29
2008-05-14,140.77000427246094,142.52999877929688,1.0,0.007103786102503029,1.0125026245181428,0.012502624518142769,2008-05-15
2008-05-16,142.66000366210938,143.0500030517578,1.0,0.007009673169282281,1.0027337682576551,0.0027337682576551448,2008-05-19
2008-05-29,140.0,140.35000610351562,1.0,0.007142857142857143,1.00250004359654,0.0025000435965401024,2008-05-30
2008-06-16,136.22999572753906,135.57000732421875,1.0,0.00734052728005664,0.9951553371209062,-0.004844662879093797,2008-06-17
2008-07-18,125.9800033569336,126.0500030517578,1.0,0.007937767688152414,1.0005556413157561,0.0005556413157561391,2008-07-21
2008-07-22,127.4800033569336,128.1699981689453,1.0,0.007844367537393936,1.0054125729043148,0.00541257290431485,2008-07-23
2008-08-22,129.64999389648438,127.0199966430664,1.0,0.007713074022960801,0.9797146365042037,-0.02028536349579635,2008-08-25
2008-08-28,130.19000244140625,128.7899932861328,1.0,0.007681081352234119,0.9892464157844721,-0.010753584215527856,2008-08-29
2008-09-12,126.08999633789062,120.08999633789062,1.0,0.007930843278956424,0.9524149403262614,-0.047585059673738606,2008-09-15
2008-09-26,120.8499984741211,111.37999725341795,1.0,0.008274720832653884,0.92163838361379,-0.07836161638620998,2008-09-29
2008-11-03,97.11000061035156,100.41000366210938,1.0,0.01029760059432441,1.0339821133870537,0.0339821133870537,2008-11-04
2008-11-25,85.66000366210938,88.97000122070312,1.0,0.0116740597390651,1.038641109235183,0.038641109235183047,2008-11-26
2008-11-28,90.08999633789062,82.11000061035156,1.0,0.011100011551220517,0.9114219552456261,-0.08857804475437392,2008-12-01
2009-01-02,92.95999908447266,92.8499984741211,1.0,0.01075731508012711,0.9988166887754419,-0.001183311224558059,2009-01-05
2009-01-27,84.52999877929688,87.38999938964844,1.0,0.011830119655046304,1.0338341494339645,0.033834149433964456,2009-01-28
2009-02-09,87.0999984741211,83.11000061035156,1.0,0.011481056458308861,0.9541906092575302,-0.04580939074246981,2009-02-10
2009-03-12,75.5,76.08999633789062,1.0,0.013245033112582781,1.0078145210316638,0.007814521031663801,2009-03-13
2009-04-02,83.43000030517578,84.26000213623047,1.0,0.011986096084647414,1.0099484816974547,0.009948481697454659,2009-04-03
2009-04-13,85.83000183105469,84.3499984741211,1.0,0.01165093765194566,0.9827565731636965,-0.017243426836303533,2009-04-14
2009-04-17,87.08000183105469,83.43000030517578,1.0,0.011483692914248165,0.9580845033402694,-0.0419154966597306,2009-04-20
2009-05-01,87.88999938964844,90.87999725341795,1.0,0.011377858766008577,1.0340197734046368,0.0340197734046368,2009-05-04
2009-06-01,94.7699966430664,94.8499984741211,1.0,0.010551862777481298,1.0008441683432363,0.0008441683432363067,2009-06-02
2009-06-25,92.08000183105467,91.83999633789062,1.0,0.010860121417403605,0.9973935112033946,-0.0026064887966054107,2009-06-26
2009-07-15,93.26000213623048,93.11000061035156,1.0,0.010722710455648928,0.9983915770700947,-0.0016084229299052621,2009-07-16
2009-07-21,95.56999969482422,95.5500030517578,1.0,0.010463534615394133,0.9997907644330828,-0.00020923556691720968,2009-07-22
2009-07-27,98.3499984741211,97.88999938964844,1.0,0.010167768332636332,0.9953228358758572,-0.004677164124142763,2009-07-28
2009-08-03,100.44000244140624,100.6999969482422,1.0,0.009956192509885399,1.0025885553615714,0.002588555361571432,2009-08-04
2009-08-20,100.98999786376952,102.97000122070312,1.0,0.009901970701583242,1.0196059352293931,0.019605935229393134,2009-08-21
2009-08-27,103.4000015258789,103.37999725341795,1.0,0.009671179741227765,0.9998065350854377,-0.0001934649145622913,2009-08-28
2009-09-08,102.94000244140624,103.7300033569336,1.0,0.009714396505568407,1.0076743821331948,0.007674382133194824,2009-09-09
2009-09-10,104.79000091552734,104.7699966430664,1.0,0.009542895231064209,0.9998091013237316,-0.00019089867626842505,2009-09-11
2009-09-16,107.31999969482422,107.16000366210938,1.0,0.009317927719377617,0.9985091685317758,-0.001490831468224152,2009-09-17
2009-10-07,105.8000030517578,106.61000061035156,1.0,0.009451795568576647,1.0076559313348745,0.007655931334874522,2009-10-08
2009-10-09,107.26000213623048,107.68000030517578,1.0,0.009323139847880146,1.0039157016649305,0.003915701664930493,2009-10-12
2009-11-04,104.91999816894533,106.8499984741211,1.0,0.009531071458748694,1.018394970824037,0.01839497082403696,2009-11-05
2009-11-06,107.12999725341795,109.56999969482422,1.0,0.009334453707064715,1.0227760898344316,0.02277608983443158,2009-11-09
2009-11-10,109.58999633789062,110.1500015258789,1.0,0.009124920461871126,1.0051100027986282,0.005110002798628166,2009-11-11
2009-11-17,111.33999633789062,111.2699966430664,1.0,0.008981498409297912,0.999371297852285,-0.0006287021477150434,2009-11-18
2009-11-25,111.37999725341795,109.56999969482422,1.0,0.008978272801755817,0.9837493481484334,-0.0162506518515666,2009-11-27
2009-12-11,111.11000061035156,111.87000274658205,1.0,0.009000089951460543,1.0068400875893764,0.006840087589376376,2009-12-14
2009-12-22,111.7300033569336,111.9499969482422,1.0,0.008950147408529039,1.0019689750711438,0.001968975071143797,2009-12-23
2009-12-24,112.4800033569336,112.72000122070312,1.0,0.008890469151451684,1.0021336936042573,0.002133693604257303,2009-12-28
2010-01-06,113.70999908447266,114.19000244140624,1.0,0.008794301363568933,1.0042212941763986,0.0042212941763986045,2010-01-07
2010-01-08,114.56999969482422,114.7300033569336,1.0,0.008728288405897375,1.0013965581088904,0.001396558108890389,2010-01-11
2010-02-18,110.91000366210938,111.13999938964844,1.0,0.009016319240656864,1.0020737149034793,0.0020737149034792957,2010-02-19
2010-02-22,111.16000366210938,109.80999755859376,1.0,0.008996041445263694,0.9878552891414145,-0.012144710858585483,2010-02-23
2010-03-02,112.1999969482422,112.3000030517578,1.0,0.00891265621389722,1.000891320019926,0.0008913200199260896,2010-03-03
2010-03-04,112.63999938964844,114.25,1.0,0.008877840957196414,1.0142933293596903,0.014293329359690299,2010-03-05
2010-03-08,114.2699966430664,114.45999908447266,1.0,0.008751203547538366,1.0016627500392752,0.0016627500392751848,2010-03-09
2010-03-10,114.97000122070312,115.4499969482422,1.0,0.008697921104483088,1.004174964968624,0.0041749649686240176,2010-03-11
2010-03-12,115.45999908447266,115.48999786376952,1.0,0.008661008210024163,1.0002598196737809,0.0002598196737808589,2010-03-15
2010-03-16,116.41000366210938,117.0999984741211,1.0,0.00859032702122913,1.0059272810781323,0.00592728107813234,2010-03-17
2010-04-06,119.04000091552734,118.36000061035156,1.0,0.008400537569800724,0.9942876318888949,-0.005712368111105093,2010-04-07
2010-04-12,119.73999786376952,119.83000183105467,1.0,0.008351428243198393,1.0007516616743852,0.0007516616743852289,2010-04-13
2010-04-14,121.19000244140624,121.29000091552734,1.0,0.008251505733597841,1.0008251379825612,0.0008251379825612304,2010-04-15
2010-07-08,107.16000366210938,107.95999908447266,1.0,0.009331839919986764,1.0074654292182164,0.007465429218216357,2010-07-09
2010-07-12,108.02999877929688,109.66000366210938,1.0,0.009256688061646468,1.0150884467391559,0.01508844673915588,2010-07-13
2010-07-26,111.55999755859376,111.5500030517578,1.0,0.008963786499500217,0.9999104113745545,-8.95886254455025e-05,2010-07-27
2010-09-03,110.88999938964844,109.63999938964844,1.0,0.009017945761602645,0.9887275677979968,-0.011272432202003246,2010-09-07
2010-09-10,111.4800033569336,112.72000122070312,1.0,0.008970218603225439,1.0111230519055454,0.011123051905545411,2010-09-13
2010-10-12,117.01000213623048,117.91999816894533,1.0,0.008546277939861385,1.0077770790197522,0.00777707901975222,2010-10-13
2010-10-22,118.3499984741211,118.6999969482422,1.0,0.008449514261875247,1.0029573170987207,0.002957317098720713,2010-10-25
2010-10-26,118.72000122070312,118.37999725341795,1.0,0.008423180506383063,0.9971360852106707,-0.002863914789329347,2010-10-27
2010-11-01,118.52999877929688,119.47000122070312,1.0,0.008436682783250528,1.0079305024136256,0.007930502413625584,2010-11-02
2010-11-03,119.9499969482422,122.26000213623048,1.0,0.008336807215022229,1.0192580679179595,0.019258067917959476,2010-11-04
2010-11-05,122.72000122070312,122.48999786376952,1.0,0.008148630948932046,0.9981257875273325,-0.0018742124726675025,2010-11-08
2010-11-19,120.29000091552734,120.19000244140624,1.0,0.008313242932820673,0.9991686883917199,-0.0008313116082800942,2010-11-22
2010-12-03,122.88999938964844,122.76000213623048,1.0,0.0081373586538095,0.9989421657249279,-0.0010578342750721115,2010-12-06
2010-12-09,123.76000213623048,124.4800033569336,1.0,0.008080154999506517,1.005817721463115,0.005817721463114989,2010-12-10
2010-12-13,124.55999755859376,124.66999816894533,1.0,0.008028259630702016,1.000883113459438,0.0008831134594380341,2010-12-14
2010-12-22,125.77999877929688,125.5999984741211,1.0,0.007950389646247938,0.9985689274374091,-0.001431072562590896,2010-12-23
2010-12-29,125.91999816894533,125.72000122070312,1.0,0.007941550306078564,0.9984117141744723,-0.0015882858255277243,2010-12-30
2011-01-25,129.1699981689453,129.6699981689453,1.0,0.007741735806886596,1.0038708679034434,0.0038708679034433757,2011-01-26
2011-01-27,129.99000549316406,127.72000122070312,1.0,0.007692899128714847,0.9825370861102063,-0.017462913889793708,2011-01-28
2011-02-07,131.97000122070312,132.57000732421875,1.0,0.007577479660151147,1.004546534045356,0.004546534045356099,2011-02-08
2011-02-14,133.42999267578125,133.00999450683594,1.0,0.007494566850722079,0.9968522956456585,-0.0031477043543415295,2011-02-15
2011-02-18,134.52999877929688,131.8300018310547,1.0,0.007433286323302132,0.9799301496116739,-0.020069850388326094,2011-02-22
2011-03-25,131.3000030517578,130.97999572753906,1.0,0.007616146052988323,0.997562777480724,-0.0024372225192760277,2011-03-28
2011-04-21,133.77999877929688,133.63999938964844,1.0,0.007474958955932918,0.9989535103085223,-0.0010464896914776922,2011-04-25
2011-04-28,136.11000061035156,136.42999267578125,1.0,0.007346998718064417,1.0023509812945026,0.0023509812945026187,2011-04-29
2011-05-10,135.8699951171875,134.44000244140625,1.0,0.007359976712573683,0.9894752872070991,-0.010524712792900903,2011-05-11
2011-05-27,133.50999450683594,134.89999389648438,1.0,0.007490075957937353,1.0104112010099533,0.010411201009953297,2011-05-31
2011-06-29,130.72000122070312,131.97000122070312,1.0,0.007649938729052141,1.0095624234113152,0.00956242341131519,2011-06-30
2011-07-01,133.9199981689453,133.80999755859375,1.0,0.00746714466601516,0.9991786095291549,-0.0008213904708450626,2011-07-05
2011-08-15,120.62000274658205,119.58999633789062,1.0,0.008290498899265997,0.9914607330025068,-0.008539266997493189,2011-08-16
2011-08-24,118.08000183105467,116.27999877929688,1.0,0.008468834557021519,0.9847560719525295,-0.015243928047470545,2011-08-25
2011-08-30,121.68000030517578,122.22000122070312,1.0,0.008218277428435082,1.0044378773354126,0.004437877335412566,2011-08-31
2011-09-14,119.37000274658205,121.43000030517578,1.0,0.008377314040303424,1.0172572464705982,0.01725724647059823,2011-09-15
2011-09-16,121.5199966430664,120.30999755859376,1.0,0.008229098318174264,0.9900427985689737,-0.009957201431026297,2011-09-19
2011-09-27,117.54000091552734,115.13999938964844,1.0,0.008507741978993786,0.979581406268631,-0.020418593731369006,2011-09-28
2011-10-06,116.48999786376952,115.70999908447266,1.0,0.008584428005307896,0.9933041566348981,-0.006695843365101872,2011-10-07
2011-10-12,120.75,120.51000213623048,1.0,0.008281573498964804,0.9980124400515983,-0.001987559948401718,2011-10-13
2011-10-24,125.48999786376952,123.0500030517578,1.0,0.007968762586844478,0.9805562606299464,-0.019443739370053614,2011-10-25
2011-11-30,124.98999786376952,124.97000122070312,1.0,0.008000640187944727,0.999840014053859,-0.0001599859461409725,2011-12-01
2011-12-07,126.7300033569336,123.9499969482422,1.0,0.007890791237363986,0.9780635497904823,-0.021936450209517733,2011-12-08
2011-12-22,125.2699966430664,126.38999938964844,1.0,0.00798275745827083,1.0089407102785617,0.008940710278561692,2011-12-23
2011-12-27,126.48999786376952,124.83000183105467,1.0,0.007905763434963497,0.9868764640623784,-0.013123535937621611,2011-12-28
2012-01-05,128.0399932861328,127.70999908447266,1.0,0.007810059765977069,0.9974227255626082,-0.002577274437391752,2012-01-06
2012-01-11,129.1999969482422,129.50999450683594,1.0,0.007739938263315921,1.0023993619652942,0.002399361965294222,2012-01-12
2012-01-19,131.4600067138672,131.9499969482422,1.0,0.00760687622796625,1.0037272950658027,0.003727295065802716,2012-01-20
2012-02-03,134.5399932861328,134.4499969482422,1.0,0.007432734130387913,0.9993310811477505,-0.0006689188522495115,2012-02-06
2012-02-09,135.36000061035156,134.36000061035156,1.0,0.007387706822480065,0.99261229317752,-0.007387706822480022,2012-02-10
2012-02-21,136.47000122070312,136.02999877929688,1.0,0.007327617725911586,0.9967758303109072,-0.003224169689092782,2012-02-22
2012-02-27,137.16000366210938,137.55999755859375,1.0,0.007290755127591552,1.0029162575517987,0.0029162575517986955,2012-02-28
2012-03-09,137.57000732421875,137.5800018310547,1.0,0.007269026290325372,1.0000726503329493,7.26503329493422e-05,2012-03-12
2012-03-13,140.05999755859375,139.91000366210938,1.0,0.007139797354213522,0.9989290739747327,-0.0010709260252672603,2012-03-14
2012-04-26,140.16000366210938,140.38999938964844,1.0,0.007134703009931059,1.001640951209544,0.001640951209544106,2012-04-27
2012-05-23,132.27000427246094,132.52999877929688,1.0,0.007560293095176102,1.0019656346748154,0.001965634674815364,2012-05-24
2012-06-07,132.0500030517578,133.10000610351562,1.0,0.00757288888216113,1.007951556436892,0.007951556436891938,2012-06-08
2012-06-18,134.39999389648438,135.6999969482422,1.0,0.007440476528371018,1.0096726421934148,0.009672642193414793,2012-06-19
2012-07-03,137.41000366210938,136.7899932861328,1.0,0.007277490527247171,0.9954878803620356,-0.004512119637964385,2012-07-05
2012-07-19,137.72999572753906,136.47000122070312,1.0,0.00726058252392765,0.9908517059034222,-0.009148294096577803,2012-07-20
2012-07-27,138.67999267578125,138.67999267578125,1.0,0.007210845491879217,1.0,0.0,2012-07-30
2012-08-07,140.32000732421875,140.49000549316406,1.0,0.007126567472943706,1.0012115034212656,0.0012115034212656361,2012-08-08
2012-08-09,140.61000061035156,140.83999633789062,1.0,0.00711186967967612,1.0016356996411402,0.001635699641140187,2012-08-10
2012-08-16,141.99000549316406,142.17999267578125,1.0,0.0070427492169379755,1.0013380320816054,0.0013380320816054336,2012-08-17
2012-08-20,142.19000244140625,141.75999450683594,1.0,0.007032843257823845,0.9969758215965464,-0.0030241784034535923,2012-08-21
2012-09-13,146.58999633789062,147.24000549316406,1.0,0.006821747902189692,1.0044341985913907,0.0044341985913907145,2012-09-14
2012-10-03,145.08999633789062,146.1300048828125,1.0,0.00689227393507658,1.007168023786422,0.0071680237864220064,2012-10-04
2012-10-05,146.13999938964844,145.63999938964844,1.0,0.0068427535525967245,0.9965786232237016,-0.0034213767762983904,2012-10-08
2012-10-17,146.1999969482422,145.82000732421875,1.0,0.006839945423213796,0.9974008917102922,-0.0025991082897077744,2012-10-18
2012-11-20,139.19000244140625,139.4499969482422,1.0,0.0071844240423874,1.0018679107858008,0.0018679107858008415,2012-11-21
2012-11-23,141.35000610351562,141.0500030517578,1.0,0.007074637119348014,0.9978775872741165,-0.002122412725883538,2012-11-26
2012-11-30,142.14999389648438,141.4499969482422,1.0,0.007034822672790363,0.9950756455976217,-0.0049243544023782615,2012-12-03
2012-12-07,142.41000366210938,142.47000122070312,1.0,0.007021978613052077,1.0004213015732806,0.0004213015732805747,2012-12-10
2012-12-11,143.44000244140625,143.50999450683594,1.0,0.006971555932651978,1.0004879535989848,0.0004879535989847916,2012-12-12
2013-01-22,149.1300048828125,149.3699951171875,1.0,0.006705558688781695,1.001609268601336,0.0016092686013360336,2013-01-23
2013-01-24,149.41000366210938,150.25,1.0,0.006692992272870158,1.0056220889987413,0.005622088998741281,2013-01-25
2013-02-14,152.2899932861328,152.11000061035156,1.0,0.006566419621026129,0.998818092562109,-0.0011819074378910388,2013-02-15
2013-03-05,154.2899932861328,154.5,1.0,0.006481301727361456,1.0013611168773449,0.001361116877344859,2013-03-06
2013-03-07,154.77999877929688,155.44000244140625,1.0,0.006460783097859531,1.0042641405046817,0.004264140504681713,2013-03-08
2013-03-11,156.02999877929688,155.67999267578125,1.0,0.006409023955800267,0.9977568024978921,-0.0022431975021078854,2013-03-12
2013-04-10,158.6699981689453,159.19000244140625,1.0,0.006302388678011082,1.0032772690392753,0.003277269039275277,2013-04-11
2013-04-23,157.77999877929688,157.8800048828125,1.0,0.00633793895130398,1.0006338325788398,0.0006338325788397547,2013-04-24
2013-04-25,158.52000427246094,158.24000549316406,1.0,0.006308352088366213,0.9982336691158826,-0.001766330884117373,2013-04-26
2013-05-06,161.77999877929688,162.60000610351562,1.0,0.006181233820901542,1.0050686570058478,0.005068657005847799,2013-05-07
2013-05-08,163.33999633789062,162.8800048828125,1.0,0.006122199231175237,0.9971838406673735,-0.0028161593326264667,2013-05-09
2013-05-14,165.22999572753906,166.1199951171875,1.0,0.00605216985933341,1.0053864274808553,0.0053864274808552715,2013-05-15
2013-06-27,161.0800018310547,160.4199981689453,1.0,0.006208095285775006,0.9959026343766646,-0.004097365623335403,2013-06-28
2013-07-08,163.9499969482422,165.1300048828125,1.0,0.006099420668581608,1.0071973647852084,0.007197364785208382,2013-07-09
2013-07-10,165.19000244140625,167.44000244140625,1.0,0.006053635118473379,1.0136206790165652,0.013620679016565163,2013-07-11
2013-07-12,167.50999450683594,168.14999389648438,1.0,0.005969793043955899,1.0038206639044593,0.0038206639044593427,2013-07-15
2013-07-19,169.1699981689453,169.5,1.0,0.005911213636127892,1.0019507113236776,0.0019507113236776341,2013-07-22
2013-08-02,170.9499969482422,170.6999969482422,1.0,0.005849663748767224,0.9985375840628081,-0.0014624159371918743,2013-08-05
2013-09-05,165.9600067138672,166.0399932861328,1.0,0.006025548081135638,1.0004819629370316,0.0004819629370316214,2013-09-06
2013-09-09,167.6300048828125,168.8699951171875,1.0,0.0059655191246882336,1.0073971854575907,0.007397185457590716,2013-09-10
2013-09-11,169.39999389648438,168.9499969482422,1.0,0.005903187934062573,0.9973435834447718,-0.0026564165552281915,2013-09-12
2013-09-17,171.07000732421875,173.0500030517578,1.0,0.005845560046681707,1.011574183917503,0.011574183917502978,2013-09-18
2013-10-11,170.25999450683594,170.94000244140625,1.0,0.005873370329281022,1.0039939384265808,0.003993938426580801,2013-10-14
2013-10-18,174.38999938964844,174.39999389648438,1.0,0.0057342737742985435,1.0000573112384363,5.731123843633057e-05,2013-10-21
2013-10-22,175.41000366210938,174.57000732421875,1.0,0.00570092913244726,0.9952112404061703,-0.004788759593829739,2013-10-23
2013-10-28,176.22999572753906,177.1699981689453,1.0,0.00567440290667687,1.005333952585799,0.00533395258579894,2013-10-29
2013-11-15,180.0500030517578,179.4199981689453,1.0,0.005554012680091632,0.9965009448923396,-0.0034990551076603538,2013-11-18
2013-12-24,182.92999267578125,183.8600006103516,1.0,0.005466572131626142,1.0050839554573134,0.005083955457313438,2013-12-26
2014-01-09,183.63999938964844,184.13999938964844,1.0,0.005445436742123888,1.0027227183710619,0.0027227183710618608,2014-01-10
2014-02-10,180.00999450683594,181.97999572753903,1.0,0.00555524710024934,1.0109438435687985,0.010943843568798517,2014-02-11
2014-02-12,182.07000732421875,183.00999450683597,1.0,0.005492392814700465,1.0051627788477173,0.00516277884771732,2014-02-13
2014-02-14,184.0200042724609,184.2400054931641,1.0,0.005434191809491512,1.0011955288316234,0.001195528831623438,2014-02-18
2014-02-28,186.2899932861328,184.97999572753903,1.0,0.0053679748566207,0.992967966043234,-0.007032033956765993,2014-03-03
2014-03-06,188.17999267578125,188.25999450683597,1.0,0.0053140612122507536,1.000425134627317,0.0004251346273169698,2014-03-07
2014-04-01,188.25,188.8800048828125,1.0,0.005312084993359893,1.0033466394837316,0.003346639483731595,2014-04-02
2014-04-16,186.1300048828125,186.38999938964844,1.0,0.005372588909722536,1.0013968436040155,0.0013968436040154852,2014-04-17
2014-04-21,187.0399932861328,187.88999938964844,1.0,0.0053464501491411265,1.004544515258912,0.004544515258912085,2014-04-22
2014-04-30,188.30999755859372,188.3300018310547,1.0,0.0053103925068494805,1.0001062305385817,0.00010623053858171971,2014-05-01
2014-05-13,189.9600067138672,189.05999755859372,1.0,0.005264265975239089,0.9952621124264901,-0.004737887573509902,2014-05-14
2014-05-23,190.3500061035156,191.5200042724609,1.0,0.005253480262334128,1.0061465622875212,0.006146562287521196,2014-05-27
2014-06-02,192.8999938964844,192.8000030517578,1.0,0.005184033341839442,0.9994816441270588,-0.0005183558729412452,2014-06-03
2014-06-06,195.3800048828125,195.5800018310547,1.0,0.005118231011406683,1.0010236305826798,0.0010236305826798464,2014-06-09
2014-06-10,195.6000061035156,194.9199981689453,1.0,0.00511247427809782,0.996523476925607,-0.0034765230743929454,2014-06-11
2014-06-17,194.8300018310547,196.25999450683597,1.0,0.005132679723870978,1.0073396944122666,0.007339694412266562,2014-06-18
2014-06-19,196.47999572753903,195.94000244140625,1.0,0.005089576657904202,0.9972516627754736,-0.002748337224526387,2014-06-20
2014-07-03,198.1999969482422,197.50999450683597,1.0,0.005045408755788928,0.9965186556406134,-0.003481344359386629,2014-07-07
2014-07-24,198.6499938964844,197.72000122070312,1.0,0.005033979515353499,0.9953184359206882,-0.004681564079311751,2014-07-25
2014-08-20,198.9199981689453,199.5,1.0,0.005027146637869397,1.0029157542549447,0.0029157542549447246,2014-08-21
2014-09-18,201.82000732421875,200.6999969482422,1.0,0.004954910136305392,0.9944504492353065,-0.005549550764693545,2014-09-19
2014-10-21,194.07000732421875,192.69000244140625,1.0,0.0051527797303030564,0.9928891388121246,-0.007110861187875406,2014-10-22
2014-11-03,201.7700042724609,201.07000732421875,1.0,0.0049561380721866175,0.9965307184744026,-0.003469281525597445,2014-11-04
2014-11-07,203.33999633789065,203.97999572753903,1.0,0.004917871633765042,1.0031474348439786,0.0031474348439786137,2014-11-10
2014-11-11,204.17999267578125,203.9600067138672,1.0,0.004897639513524258,0.9989225880605089,-0.0010774119394910686,2014-11-12
2014-11-17,204.3699951171875,205.5500030517578,1.0,0.004893086186289682,1.0057738805243581,0.0057738805243581215,2014-11-18
2014-11-24,207.25999450683597,207.1100006103516,1.0,0.0048248577945755825,0.9992763007794085,-0.0007236992205914561,2014-11-25
2014-12-24,207.7700042724609,208.44000244140625,1.0,0.004813014291941015,1.0032247107627084,0.0032247107627083604,2014-12-26
2014-12-29,208.72000122070312,207.6000061035156,1.0,0.004791107676080299,0.9946339827968704,-0.005366017203129569,2014-12-30
2015-01-21,203.0800018310547,206.1000061035156,1.0,0.004924167771240789,1.0148710077074614,0.014871007707461414,2015-01-22
2015-02-12,208.9199981689453,209.77999877929688,1.0,0.004786521198374412,1.0041164111520626,0.004116411152062627,2015-02-13
2015-02-17,210.1100006103516,210.1300048828125,1.0,0.004759411722883658,1.0000952085688581,9.520856885814055e-05,2015-02-18
2015-04-10,210.0399932861328,209.08999633789065,1.0,0.004760998057344833,0.9954770663749356,-0.004522933625064396,2015-04-13
2015-04-24,211.6499938964844,210.7700042724609,1.0,0.004724781615108803,0.9958422412029272,-0.004157758797072808,2015-04-27
2015-05-15,212.44000244140625,213.1000061035156,1.0,0.004707211393841954,1.0031067767582587,0.003106776758258656,2015-05-18
2015-06-18,212.77999877929688,210.80999755859372,1.0,0.004699689847433622,0.9907416052636296,-0.009258394736370357,2015-06-19
2015-07-13,209.7700042724609,210.67999267578125,1.0,0.004767125802701251,1.0043380291976274,0.00433802919762738,2015-07-14
2015-07-20,212.58999633789065,211.75,1.0,0.004703890198156829,0.9960487494597086,-0.00395125054029144,2015-07-21
2015-07-30,210.82000732421875,210.5,1.0,0.004743382815949277,0.9984820827573228,-0.001517917242677247,2015-07-31
2015-08-28,199.27999877929688,197.6699981689453,1.0,0.00501806506486134,0.9919209121827894,-0.008079087817210562,2015-08-31
2015-10-01,192.1300048828125,195.0,1.0,0.005204809111465638,1.0149377767357994,0.014937776735799435,2015-10-02
2015-10-05,198.47000122070312,197.7899932861328,1.0,0.005038544837252142,0.9965737495319802,-0.003426250468019809,2015-10-06
2015-10-09,201.3300018310547,201.5200042724609,1.0,0.004966969606641867,1.0009437363516525,0.0009437363516524577,2015-10-12
2015-10-19,203.3699951171875,203.1100006103516,1.0,0.00491714620646852,0.9987215689970091,-0.001278431002990854,2015-10-20
2015-12-16,208.02999877929688,204.8600006103516,1.0,0.004806999018737291,0.984761821912481,-0.015238178087519039,2015-12-17
2015-12-23,206.0200042724609,205.67999267578125,1.0,0.004853897579176354,0.9983496185339847,-0.0016503814660152605,2015-12-24
2016-02-17,192.8800048828125,192.08999633789065,1.0,0.005184570586295696,0.995904144935076,-0.004095855064924048,2016-02-18
2016-03-03,199.77999877929688,200.42999267578125,1.0,0.005005506087247156,1.003253548405526,0.003253548405526052,2016-03-04
2016-03-07,200.58999633789065,198.3999938964844,1.0,0.004985293475530634,0.9890821951174613,-0.010917804882538684,2016-03-08
2016-03-11,202.75999450683597,202.5,1.0,0.004931939372124443,0.9987177228551997,-0.0012822771448003367,2016-03-14
2016-03-30,206.0200042724609,205.5200042724609,1.0,0.004853897579176354,0.997573051210412,-0.002426948789588046,2016-03-31
2016-04-14,208.00999450683597,207.77999877929688,1.0,0.004807461306707243,0.9988943044391478,-0.0011056955608521601,2016-04-15
2016-04-20,210.1000061035156,208.97000122070312,1.0,0.004759638129221678,0.9946215856735591,-0.005378414326440928,2016-04-21
2016-05-10,208.4499969482422,206.5,1.0,0.004797313574671332,0.9906452531696301,-0.009354746830369853,2016-05-11
2016-05-26,209.33999633789065,210.2400054931641,1.0,0.004776918016115392,1.0042992699484945,0.0042992699484945,2016-05-27
2016-06-08,212.3699951171875,212.0800018310547,1.0,0.004708763116221724,0.9986344903103059,-0.0013655096896940666,2016-06-09
2016-06-30,209.47999572753903,209.9199981689453,1.0,0.004773725512676894,1.0021004508801812,0.0021004508801811816,2016-07-01
2016-07-12,214.9499969482422,214.9199981689453,1.0,0.0046522447741220024,0.9998604383357862,-0.00013956166421380534,2016-07-13
2016-08-05,218.17999267578125,218.0500030517578,1.0,0.0045833716819580934,0.9994042092383026,-0.0005957907616973568,2016-08-08
2016-09-06,219.02999877929688,219.00999450683597,1.0,0.004565584648556013,0.999908668800747,-9.133119925297528e-05,2016-09-07
2016-09-21,215.82000732421875,217.17999267578125,1.0,0.004633490714777594,1.0063014794986984,0.006301479498698415,2016-09-22
2016-11-09,216.3800048828125,216.9199981689453,1.0,0.004621499110056782,1.0024955784912994,0.002495578491299444,2016-11-10
2016-11-23,220.6999969482422,221.5200042724609,1.0,0.004531037670265653,1.0037154840759288,0.00371548407592881,2016-11-25
2016-12-06,221.6999969482422,224.6000061035156,1.0,0.004510599971877576,1.0130807812142208,0.013080781214220849,2016-12-07
2016-12-08,225.1499938964844,226.50999450683597,1.0,0.004441483575876812,1.006040420374059,0.006040420374058941,2016-12-09
2017-02-03,229.33999633789065,228.92999267578125,1.0,0.004360338431882951,0.9982122452748915,-0.0017877547251085035,2017-02-06
2017-02-09,230.6000061035156,231.50999450683597,1.0,0.004336513328412937,1.0039461768397,0.0039461768397,2017-02-10
2017-02-13,232.7700042724609,233.6999969482422,1.0,0.004296086186558146,1.003995328688024,0.003995328688024102,2017-02-14
2017-02-15,234.9199981689453,234.72000122070312,1.0,0.004256768294714692,0.9991486593316828,-0.0008513406683171576,2017-02-16
2017-02-27,237.1100006103516,236.47000122070312,1.0,0.004217451804756744,0.9973008334190839,-0.002699166580916068,2017-02-28
2017-03-13,237.80999755859372,236.8999938964844,1.0,0.004205037678256614,0.9961734003134788,-0.003826599686521215,2017-03-14
2017-03-30,236.2899932861328,235.7400054931641,1.0,0.00423208780910608,0.99767240336622,-0.002327596633780016,2017-03-31
2017-05-22,239.5200042724609,240.0500030517578,1.0,0.004175016625594542,1.0022127537151093,0.002212753715109317,2017-05-23
2017-05-24,240.6100006103516,241.75999450683597,1.0,0.004156103227061701,1.00477949334428,0.004779493344279961,2017-05-25
2017-07-05,242.7700042724609,240.5500030517578,1.0,0.00411912502533756,0.990855537415522,-0.009144462584477986,2017-07-06
2017-07-14,245.55999755859372,245.52999877929688,1.0,0.00407232452330265,0.9998778352354004,-0.00012216476459958603,2017-07-17
2017-07-20,247.1000061035156,246.8800048828125,1.0,0.004046944456897658,0.9991096672793648,-0.0008903327206352118,2017-07-21
2017-08-29,244.8500061035156,246.00999450683597,1.0,0.0040841330409329395,1.0047375469650996,0.004737546965099648,2017-08-30
2017-08-31,247.4900054931641,247.83999633789065,1.0,0.004040567205965903,1.0014141615295906,0.0014141615295906185,2017-09-01
2017-09-13,250.1699981689453,250.08999633789065,1.0,0.003997281877600198,0.9996802101305503,-0.0003197898694496937,2017-09-14
2017-09-20,250.05999755859372,249.38999938964844,1.0,0.003999040269388475,0.9973206503419713,-0.00267934965802874,2017-09-21
2017-09-28,250.3500061035156,251.22999572753903,1.0,0.003994407731655962,1.0035150373579762,0.003515037357976203,2017-09-29
2017-10-02,252.32000732421875,252.8600006103516,1.0,0.00396322119123534,1.0021401128347265,0.002140112834726482,2017-10-03
2017-10-04,253.16000366210935,254.66000366210935,1.0,0.003950071044139706,1.0059251065662096,0.0059251065662095925,2017-10-05
2017-10-17,255.47000122070312,255.72000122070312,1.0,0.003914353917179066,1.0009785884792948,0.000978588479294773,2017-10-18
2017-10-19,255.7899932861328,257.1099853515625,1.0,0.003909457079039742,1.0051604523244704,0.005160452324470377,2017-10-20
2017-11-02,257.5899963378906,258.45001220703125,1.0,0.003882138336957239,1.0033387005759824,0.0033387005759824007,2017-11-03
2017-11-06,258.8500061035156,258.6700134277344,1.0,0.003863241168323922,0.9993046448849251,-0.0006953551150749027,2017-11-07
2017-12-08,265.510009765625,266.3099975585937,1.0,0.003766336345973303,1.003013023100993,0.003013023100993051,2017-12-11
2017-12-12,266.7799987792969,266.75,1.0,0.003748406944207557,0.9998875523673658,-0.00011244763263418278,2017-12-13
2018-01-04,271.6099853515625,273.4200134277344,1.0,0.0036817497659581066,1.0066640704458234,0.0066640704458234,2018-01-05
2018-01-08,273.9200134277344,274.5400085449219,1.0,0.0036507007556197428,1.0022634166427968,0.002263416642796834,2018-01-09
2018-01-23,283.2900085449219,283.17999267578125,1.0,0.00352995153318804,0.999611649314052,-0.00038835068594800237,2018-01-24
2018-02-13,266.0,269.5899963378906,1.0,0.0037593984962406013,1.0134962268341752,0.013496226834175173,2018-02-14
2018-02-15,273.0299987792969,273.1099853515625,1.0,0.003662601195732882,1.0002929589152227,0.00029295891522274076,2018-02-16
2018-02-26,277.8999938964844,274.42999267578125,1.0,0.0035984167756854734,0.9875134893957729,-0.012486510604227119,2018-02-27
2018-03-06,272.8800048828125,272.7799987792969,1.0,0.0036646144169831976,0.9996335161912704,-0.00036648380872961184,2018-03-07
2018-04-05,265.6400146484375,259.7200012207031,1.0,0.003764493091612928,0.9777141503490382,-0.02228584965096181,2018-04-06
2018-04-18,270.3900146484375,268.8900146484375,1.0,0.00369836142544023,0.9944524578618397,-0.005547542138160333,2018-04-19
2018-04-27,266.5599975585937,264.510009765625,1.0,0.003751500634599855,0.992309469493756,-0.00769053050624402,2018-04-30
2018-05-11,272.8500061035156,272.9800109863281,1.0,0.0036650173268481198,1.0004764701480826,0.00047647014808260835,2018-05-14
2018-06-05,275.1000061035156,277.3999938964844,1.0,0.003635041722331756,1.0083605515882952,0.008360551588295184,2018-06-06
2018-06-12,278.9200134277344,278.0299987792969,1.0,0.003585257248881823,0.9968090685300784,-0.003190931469921554,2018-06-13
2018-07-02,271.8599853515625,270.8999938964844,1.0,0.0036783640619520563,0.9964688019318595,-0.0035311980681405064,2018-07-03
2018-07-09,277.8999938964844,278.8999938964844,1.0,0.0035984167756854734,1.0035984167756855,0.003598416775685509,2018-07-10
2018-07-25,284.010009765625,283.3399963378906,1.0,0.0035210026605232508,0.997640880938361,-0.0023591190616389923,2018-07-26
2018-08-06,284.6400146484375,285.5799865722656,1.0,0.003513209487552594,1.003302318280826,0.0033023182808260554,2018-08-07
2018-08-20,285.6700134277344,286.3399963378906,1.0,0.0035005424195597937,1.0023453035973822,0.0023453035973821645,2018-08-21
2018-08-28,289.9200134277344,291.4800109863281,1.0,0.0034492272133164084,1.0053807860318087,0.005380786031808693,2018-08-29
2018-09-12,289.1199951171875,290.8299865722656,1.0,0.00345877150279653,1.0059144697148499,0.005914469714849879,2018-09-13
2018-09-14,290.8800048828125,289.3399963378906,1.0,0.0034378437266696016,0.9947056912848228,-0.005294308715177221,2018-09-17
2018-09-20,293.5799865722656,291.989990234375,1.0,0.003406226737985925,0.9945841119605773,-0.005415888039422723,2018-09-21
2018-10-01,291.7300109863281,291.5599975585937,1.0,0.0034278269713117204,0.9994172233869268,-0.0005827766130731549,2018-10-02
2018-11-01,273.510009765625,271.8900146484375,1.0,0.0036561733183254085,0.9940770170767217,-0.005922982923278308,2018-11-02
2018-11-07,281.010009765625,280.5,1.0,0.0035585920972496495,0.9981850832785267,-0.0018149167214732698,2018-11-08
2018-11-28,274.5799865722656,273.9800109863281,1.0,0.0036419260284901132,0.9978149332971156,-0.0021850667028844306,2018-11-29
2018-12-12,265.4599914550781,265.3699951171875,1.0,0.003767046003876719,0.9996609796549856,-0.0003390203450144291,2018-12-13
2019-01-08,256.7699890136719,257.9700012207031,1.0,0.003894536132673801,1.0046734908999329,0.004673490899932853,2019-01-09
2019-01-10,258.8800048828125,258.9800109863281,1.0,0.0038627934994542013,1.0003863029265658,0.0003863029265658291,2019-01-11
2019-01-17,262.9599914550781,266.4599914550781,1.0,0.0038028598741068624,1.0133100095593741,0.013310009559374114,2019-01-18
2019-01-25,265.7799987792969,263.760009765625,1.0,0.0037625103641843183,0.9923997704005211,-0.007600229599478925,2019-01-28
2019-02-01,270.0599975585937,271.9599914550781,1.0,0.0037028808747694465,1.007035451061471,0.007035451061470965,2019-02-04
2019-02-05,273.1000061035156,272.739990234375,1.0,0.0036616623128926653,0.9986817434599246,-0.0013182565400754465,2019-02-06
2019-02-12,274.1000061035156,274.989990234375,1.0,0.003648303457615917,1.0032469321818376,0.0032469321818375807,2019-02-13
2019-02-20,278.4100036621094,277.4200134277344,1.0,0.003591824959040064,0.996444128366966,-0.003555871633033947,2019-02-21
2019-03-13,281.3399963378906,281.1600036621094,1.0,0.003554418188016877,0.9993602307594933,-0.0006397692405066824,2019-03-14
2019-03-19,282.3999938964844,281.54998779296875,1.0,0.0035410765637854677,0.9969900633077662,-0.0030099366922338167,2019-03-20
2019-04-01,285.8299865722656,285.9700012207031,1.0,0.003498583238211687,1.0004898529021276,0.0004898529021275522,2019-04-02
2019-04-03,286.4200134277344,287.17999267578125,1.0,0.0034913761368575123,1.0026533734111378,0.002653373411137805,2019-04-04
2019-04-05,288.57000732421875,288.7900085449219,1.0,0.00346536360196458,1.0007623842226123,0.0007623842226123223,2019-04-08
2019-04-23,292.8800048828125,292.2300109863281,1.0,0.0034143676021861622,0.997780681898225,-0.002219318101775003,2019-04-24
2019-04-30,294.0199890136719,291.8099975585937,1.0,0.0034011293019723912,0.9924835333050249,-0.007516466694975077,2019-05-01
2019-05-16,287.70001220703125,285.8399963378906,1.0,0.003475842744422242,0.9935348773367374,-0.006465122663262601,2019-05-17
2019-06-06,284.79998779296875,287.6499938964844,1.0,0.0035112361055539636,1.0100070443317133,0.010007044331713288,2019-06-07
2019-06-10,288.9700012207031,288.8999938964844,1.0,0.003460566826229973,0.9997577349762155,-0.00024226502378454917,2019-06-11
2019-06-19,293.0599975585937,295.8599853515625,1.0,0.0034122705532339415,1.009554315895362,0.009554315895361931,2019-06-20
2019-07-01,295.6600036621094,296.42999267578125,1.0,0.00338226336878097,1.0026043056353062,0.0026043056353062255,2019-07-02
2019-07-03,298.79998779296875,298.4599914550781,1.0,0.0033467203509153945,0.9988621273367447,-0.0011378726632552683,2019-07-05
2019-07-11,299.3099975585937,300.6499938964844,1.0,0.0033410177012354473,1.0044769514844836,0.004476951484483571,2019-07-12
2019-07-15,300.75,299.7799987792969,1.0,0.0033250207813798837,0.9967747257831983,-0.0032252742168017434,2019-07-16
2019-07-24,301.44000244140625,300.0,1.0,0.00331740973958617,0.995222921875851,-0.004777078124148959,2019-07-25
2019-08-08,293.6199951171875,291.6199951171875,1.0,0.0034057626068718077,0.9931884747862564,-0.006811525213743619,2019-08-09
2019-08-19,292.3299865722656,290.0899963378906,1.0,0.003420791728298439,0.9923374599347807,-0.00766254006521927,2019-08-20
2019-09-06,298.04998779296875,298.20001220703125,1.0,0.0033551418921534035,1.0005033531964669,0.0005033531964668825,2019-09-09
2019-10-11,296.2799987792969,295.95001220703125,1.0,0.0033751856491160376,0.998886234056888,-0.0011137659431119662,2019-10-14
2019-10-25,301.6000061035156,303.29998779296875,1.0,0.0033156498002748,1.0056365439491062,0.005636543949106176,2019-10-28
2019-11-08,308.94000244140625,308.3500061035156,1.0,0.003236874448428415,0.9980902559292155,-0.0019097440707844804,2019-11-11
2019-11-14,309.54998779296875,311.7900085449219,1.0,0.0032304960085115996,1.0072363780981677,0.007236378098167684,2019-11-15
2019-11-18,312.0199890136719,311.92999267578125,1.0,0.003204922874207853,0.9997115686780994,-0.00028843132190059517,2019-11-19
2019-11-26,314.0799865722656,315.4800109863281,1.0,0.003183902326644787,1.004457540989293,0.004457540989293074,2019-11-27
2019-12-06,314.8699951171875,313.8800048828125,1.0,0.003175913918466009,0.996855876235503,-0.00314412376449702,2019-12-09
2019-12-13,317.32000732421875,319.5,1.0,0.00315139284292988,1.0068700133160966,0.0068700133160966015,2019-12-16
2019-12-17,319.57000732421875,319.5899963378906,1.0,0.003129204797324591,1.0000625497174758,6.254971747576832e-05,2019-12-18
2019-12-19,320.8999938964844,320.7300109863281,1.0,0.003116235646681187,0.9994702931960444,-0.0005297068039555874,2019-12-20
2019-12-26,322.94000244140625,322.8599853515625,1.0,0.0030965504193969855,0.9997522230468855,-0.0002477769531145091,2019-12-27
2020-01-17,331.95001220703125,331.29998779296875,1.0,0.0030125017720328265,0.9980418003007722,-0.001958199699227836,2020-01-21
2020-02-05,332.8599853515625,333.9800109863281,1.0,0.0030042661900132354,1.0033648551464744,0.0033648551464744436,2020-02-06
2020-02-12,337.4200134277344,337.0599975585937,1.0,0.0029636653435027235,0.9989330334455168,-0.0010669665544832396,2020-02-13
2020-03-26,261.20001220703125,253.4199981689453,1.0,0.0038284837414455566,0.9702143427469698,-0.029785657253030173,2020-03-27
2020-04-08,274.0299987792969,278.20001220703125,1.0,0.003649235501421863,1.0152173610418942,0.015217361041894195,2020-04-09
2020-05-11,292.5,286.6700134277344,1.0,0.003418803418803419,0.9800684219751603,-0.01993157802483969,2020-05-12
2020-05-18,295.0,291.9700012207031,1.0,0.003389830508474576,0.9897288176972987,-0.010271182302701298,2020-05-19
2020-05-27,303.5299987792969,302.9700012207031,1.0,0.0032945672718403076,0.9981550503711466,-0.0018449496288533984,2020-05-28
2020-06-02,308.0799865722656,312.17999267578125,1.0,0.003245910294680671,1.0133082520196548,0.013308252019654798,2020-06-03
2020-06-16,312.9599914550781,311.6600036621094,1.0,0.0031952966107603523,0.9958461534110971,-0.004153846588902943,2020-06-17
2020-07-01,310.5199890136719,312.2300109863281,1.0,0.0032204045967423084,1.0055069626212725,0.005506962621272482,2020-07-02
2020-07-06,317.04998779296875,313.7799987792969,1.0,0.0031540767655004374,0.9896862036285359,-0.010313796371464123,2020-07-07
2020-07-21,325.010009765625,326.8599853515625,1.0,0.0030768283128299084,1.0056920572608565,0.005692057260856531,2020-07-22
2020-08-04,330.0599975585937,332.1099853515625,1.0,0.0030297521886834397,1.0062109550025216,0.0062109550025215565,2020-08-05
2020-08-06,334.3299865722656,334.57000732421875,1.0,0.002991056860476526,1.000717915716786,0.0007179157167860328,2020-08-07
2020-08-10,335.57000732421875,332.79998779296875,1.0,0.002980004106963668,0.9917453304205055,-0.0082546695794945,2020-08-11
2020-08-18,338.6400146484375,337.2300109863281,1.0,0.0029529882965489474,0.9958362756877,-0.0041637243123000545,2020-08-19
2020-08-24,342.9200134277344,344.1199951171875,1.0,0.002916131928271769,1.0034993049179557,0.0034993049179556923,2020-08-25
2020-08-26,347.57000732421875,348.3299865722656,1.0,0.0028771182177039353,1.0021865501396325,0.002186550139632537,2020-08-27
2020-08-28,350.5799865722656,349.3099975585937,1.0,0.0028524161056006784,0.9963774628834663,-0.0036225371165337084,2020-08-31
2020-09-15,340.1700134277344,338.82000732421875,1.0,0.002939706501238798,0.996031378280783,-0.003968621719216969,2020-09-16
2020-09-28,334.19000244140625,332.3699951171875,1.0,0.002992309742046609,0.994553974353144,-0.005446025646856034,2020-09-29
2020-10-09,346.8500061035156,352.42999267578125,1.0,0.0028830906224679583,1.0160876069599962,0.016087606959996226,2020-10-12
2020-11-04,343.5400085449219,350.239990234375,1.0,0.0029108691131363184,1.019502769758408,0.019502769758408034,2020-11-05
2020-12-17,372.239990234375,369.1799926757813,1.0,0.0026864389271296883,0.9917795034416721,-0.008220496558327905,2020-12-18
2020-12-28,372.1700134277344,371.4599914550781,1.0,0.0026869440414875705,0.998092210691246,-0.0019077893087540154,2020-12-29
2021-01-07,379.1000061035156,381.260009765625,1.0,0.0026378263885517947,1.0056977146592805,0.005697714659280484,2021-01-08
2021-01-21,384.239990234375,382.8800048828125,1.0,0.0026025401452618967,0.9964605835255905,-0.0035394164744094736,2021-01-22
2021-02-03,381.8500061035156,386.1900024414063,1.0,0.002618829341406139,1.0113657097512634,0.011365709751263386,2021-02-04
2021-02-05,387.7099914550781,390.510009765625,1.0,0.0025792474324610347,1.0072219400383218,0.0072219400383217724,2021-02-08
2021-03-11,393.5299987792969,394.05999755859375,1.0,0.0025411023380731623,1.0013467811372472,0.0013467811372471772,2021-03-12
2021-03-15,396.4100036621094,395.9100036621094,1.0,0.0025226406769804344,0.9987386796615099,-0.001261320338490135,2021-03-16
2021-04-05,406.3599853515625,406.1199951171875,1.0,0.0024608722217933188,0.999409414698725,-0.0005905853012749818,2021-04-06
2021-04-09,411.489990234375,411.6400146484375,1.0,0.0024301927719564296,1.0003645882466716,0.0003645882466716266,2021-04-12
2021-04-13,412.8599853515625,411.4500122070313,1.0,0.002422128652522405,0.9965848636473438,-0.003415136352656223,2021-04-14
2021-05-07,422.1199951171875,417.9400024414063,1.0,0.0023689946260953203,0.9900976198139566,-0.009902380186043391,2021-05-10
2021-05-28,420.0400085449219,419.6700134277344,1.0,0.0023807255967452762,0.999119143153841,-0.0008808568461590172,2021-06-01
2021-06-14,425.260009765625,424.4800109863281,1.0,0.002351502556168245,0.9981658308766752,-0.0018341691233247914,2021-06-15
2021-06-28,427.4700012207031,427.7000122070313,1.0,0.002339345444462427,1.000538075153043,0.0005380751530430494,2021-06-29
2021-06-30,428.05999755859375,430.4299926757813,1.0,0.00233612111784194,1.0055365956424442,0.005536595642444242,2021-07-01
2021-07-02,433.7200012207031,432.9299926757813,1.0,0.0023056349653820534,0.9981785286758776,-0.001821471324122359,2021-07-06
2021-07-22,435.4599914550781,439.9400024414063,1.0,0.002296422219314629,1.0102879967717777,0.010287996771777719,2021-07-23
2021-07-26,441.0199890136719,439.010009765625,1.0,0.002267470919484784,0.9954424305062858,-0.00455756949371422,2021-07-27
2021-08-12,445.1099853515625,445.9200134277344,1.0,0.0022466357370306287,1.0018198380239258,0.0018198380239258238,2021-08-13
2021-08-16,446.9700012207031,444.0400085449219,1.0,0.002237286612678563,0.9934447666112285,-0.006555233388771509,2021-08-17
2021-08-23,447.260009765625,447.9700012207031,1.0,0.002235835930254583,1.0015874244054375,0.0015874244054374653,2021-08-24
2021-08-25,448.9100036621094,446.260009765625,1.0,0.002227617989891558,0.9940968259230886,-0.005903174076911433,2021-08-26
2021-09-24,443.9100036621094,442.6400146484375,1.0,0.002252708863847027,0.997139084491913,-0.002860915508086981,2021-09-27
2021-10-07,438.6600036621094,437.8599853515625,1.0,0.002279669884766333,0.9981762223501847,-0.001823777649815339,2021-10-08
2021-10-15,445.8699951171875,447.1900024414063,1.0,0.0022428062236777586,1.0029605206420582,0.0029605206420582064,2021-10-18
2021-10-19,450.6400146484375,452.4100036621094,1.0,0.002219066144803276,1.003927722696913,0.003927722696912994,2021-10-20
2021-10-21,453.5899963378906,453.1199951171875,1.0,0.0022046341587636663,0.9989638192541772,-0.00103618074582279,2021-10-22
2021-11-01,460.0400085449219,461.8999938964844,1.0,0.0021737239836225075,1.004043094767878,0.004043094767878008,2021-11-02
2021-11-03,464.7200012207031,466.9100036621094,1.0,0.0021518333563721173,1.0047125203039544,0.004712520303954415,2021-11-04
2021-11-05,468.5299987792969,468.9299926757813,1.0,0.0021343350534765958,1.0008537209944433,0.0008537209944432522,2021-11-08
2021-11-15,467.4299926757813,469.2799987792969,1.0,0.00213935779832087,1.0039578249844971,0.003957824984497149,2021-11-16
2021-12-08,469.5199890136719,466.3500061035156,1.0,0.002129834774661492,0.9932484601628665,-0.006751539837133502,2021-12-09
2021-12-23,470.6000061035156,477.260009765625,1.0,0.0021249468487682826,1.0141521537945846,0.014152153794584565,2021-12-27
2022-02-01,452.9500122070313,457.3500061035156,1.0,0.0022077491401919355,1.0097140827418132,0.00971408274181318,2022-02-02
2022-03-17,441.0700073242188,444.5199890136719,1.0,0.002267213783287075,1.007821846038416,0.00782184603841607,2022-03-18
2022-03-28,455.9100036621094,461.5499877929688,1.0,0.0021934153494493937,1.0123708277632781,0.012370827763278136,2022-03-29
2022-05-04,429.05999755859375,413.80999755859375,1.0,0.00233067637554218,0.9644571852729816,-0.03554281472701837,2022-05-05
2022-05-27,415.260009765625,412.9299926757813,1.0,0.0024081297897295853,0.9943890164353685,-0.005610983564631522,2022-05-31
2022-07-06,383.25,388.989990234375,1.0,0.002609262883235486,1.0149771434686887,0.014977143468688725,2022-07-07
2022-07-21,398.7900085449219,395.0899963378906,1.0,0.002507585392243734,0.990721903438525,-0.009278096561475047,2022-07-22
2022-07-29,411.989990234375,410.7699890136719,1.0,0.0024272434372279647,0.9970387600436382,-0.002961239956361772,2022-08-01
2022-08-16,429.7000122070313,426.6499938964844,1.0,0.0023272049606510034,0.9929019822576188,-0.0070980177423811686,2022-08-17
2022-09-09,406.6000061035156,410.9700012207031,1.0,0.002459419540061226,1.010747651381183,0.010747651381183054,2022-09-12
2022-10-25,384.9200134277344,382.0199890136719,1.0,0.0025979423389678904,0.9924659037906666,-0.00753409620933343,2022-10-26
2022-11-08,382.0,374.1300048828125,1.0,0.002617801047120419,0.979397918541394,-0.02060208145860598,2022-11-09
2023-01-12,396.9599914550781,398.5,1.0,0.002519145560071297,1.0038795056884118,0.0038795056884117773,2023-01-13
2023-01-27,405.6799926757813,400.5899963378906,1.0,0.002464997086507044,0.9874531738567679,-0.012546826143232104,2023-01-30
2023-02-02,416.7799987792969,412.3500061035156,1.0,0.002399347384540743,0.9893709086598297,-0.010629091340170316,2023-02-03
2023-03-06,404.4700012207031,398.2699890136719,1.0,0.0024723712438053966,0.9846712681080936,-0.015328731891906422,2023-03-07
2023-03-27,396.489990234375,395.6000061035156,1.0,0.0025221317678382634,0.9977553427506877,-0.002244657249312332,2023-03-28
2023-03-31,409.3900146484375,410.9500122070313,1.0,0.0024426585022078447,1.0038105412999225,0.003810541299922532,2023-04-03
2023-04-11,409.7200012207031,408.0499877929688,1.0,0.0024406911964772056,0.9959240129289302,-0.00407598707106982,2023-04-12
2023-05-30,420.1799926757813,417.8500061035156,1.0,0.002379932451404507,0.9944547893453282,-0.005545210654671839,2023-05-31
2023-06-12,433.7999877929688,436.6600036621094,1.0,0.0023052098389575114,1.0065929367211175,0.006592936721117493,2023-06-13
2023-06-14,437.1799926757813,442.6000061035156,1.0,0.0022873873844945457,1.0123976703383906,0.012397670338390565,2023-06-15
2023-06-29,438.1099853515625,443.2799987792969,1.0,0.002282531860572745,1.0118007203683925,0.011800720368392525,2023-06-30
2023-07-03,443.7900085449219,443.1300048828125,1.0,0.0022533179673845153,0.9985128018896294,-0.001487198110370569,2023-07-05
2023-07-12,446.0199890136719,449.55999755859375,1.0,0.002242051981148645,1.0079368831714253,0.007936883171425269,2023-07-13
2023-07-19,455.2000122070313,452.1799926757813,1.0,0.002196836496448041,0.9933655108737641,-0.006634489126235876,2023-07-20
2023-07-26,455.510009765625,452.489990234375,1.0,0.0021953414383023835,0.9933700259785643,-0.006629974021435725,2023-07-27
2023-08-29,449.1600036621094,451.010009765625,1.0,0.0022263781099090742,1.0041188130920653,0.004118813092065299,2023-08-30
2023-10-10,434.5400085449219,436.3200073242188,1.0,0.0023012840712839035,1.004096282837701,0.004096282837700915,2023-10-11
2023-11-01,422.6600036621094,430.760009765625,1.0,0.002365967896975268,1.0191643544062217,0.019164354406221662,2023-11-02
2023-11-03,434.6900024414063,435.6900024414063,1.0,0.002300489991450388,1.0023004899914503,0.002300489991450272,2023-11-06
2023-11-07,436.9299926757813,437.25,1.0,0.0022886961681800547,1.000732399536729,0.0007323995367289893,2023-11-08
2023-11-16,450.2300109863281,450.7900085449219,1.0,0.0022210869457797346,1.001243803267061,0.0012438032670609722,2023-11-17
2023-11-20,454.260009765625,453.2699890136719,1.0,0.002201382420864978,0.9978205857203589,-0.0021794142796410787,2023-11-21
2023-12-11,461.989990234375,464.1000061035156,1.0,0.002164549061967087,1.004567232870284,0.004567232870283933,2023-12-12
2023-12-13,470.5,472.010009765625,1.0,0.0021253985122210413,1.0032093725092985,0.003209372509298536,2023-12-14
2023-12-26,475.6499938964844,476.510009765625,1.0,0.002102386235324182,1.0018080855254414,0.0018080855254414274,2023-12-27
2023-12-28,476.6900024414063,475.30999755859375,1.0,0.002097799397676518,0.9971050265880452,-0.002894973411954771,2023-12-29
2024-01-22,483.4500122070313,484.8599853515625,1.0,0.0020684661800603344,1.0029164817642562,0.0029164817642561847,2024-01-23
2024-01-24,485.3900146484375,488.0299987792969,1.0,0.0020601989530507517,1.005438892542467,0.0054388925424671,2024-01-25
2024-02-08,498.3200073242188,501.2000122070313,1.0,0.002006742625827135,1.00577942856093,0.0057794285609300555,2024-02-09
2024-02-23,507.8500061035156,505.989990234375,1.0,0.001969085336185206,0.9963374700270035,-0.003662529972996542,2024-02-26
2024-03-20,520.47998046875,522.2000122070312,1.0,0.001921303484332652,1.0033047029719224,0.003304702971922424,2024-03-21
2024-04-09,519.3200073242188,514.1199951171875,1.0,0.0019255949817001486,0.9899868825893612,-0.010013117410638817,2024-04-10
2024-05-06,516.5700073242188,517.1400146484375,1.0,0.0019358460340736787,1.0011034464179818,0.0011034464179817682,2024-05-07
2024-05-08,517.1900024414062,520.1699829101562,1.0,0.0019335253877288405,1.0057618678912643,0.005761867891264316,2024-05-09
2024-05-10,520.8400268554688,520.9099731445312,1.0,0.0019199753253171083,1.0001342951490975,0.0001342951490974631,2024-05-13
2024-05-14,523.2999877929688,529.780029296875,1.0,0.0019109497865985548,1.0123830339290394,0.012383033929039389,2024-05-15
2024-05-21,531.3599853515625,529.8300170898438,1.0,0.0018819633159587136,0.9971206558568643,-0.0028793441431357314,2024-05-22
2024-06-04,528.3900146484375,534.6699829101562,1.0,0.0018925414415057534,1.0118851001866436,0.011885100186643571,2024-06-05
2024-06-12,541.3599853515625,542.4500122070312,1.0,0.0018471996953202845,1.0020134972753127,0.002013497275312748,2024-06-13
2024-06-14,542.780029296875,547.0999755859375,1.0,0.0018423669737728087,1.0079589263714412,0.007958926371441244,2024-06-17
2024-06-18,548.489990234375,547.0,1.0,0.0018231873284919758,0.9972834686851108,-0.002716531314889248,2024-06-20
2024-06-27,546.3699951171875,544.219970703125,1.0,0.0018302615607314165,0.9960648929603073,-0.003935107039692687,2024-06-28
2024-07-03,551.4600219726562,554.6400146484375,1.0,0.0018133680777490417,1.0057664972057374,0.005766497205737409,2024-07-05
2024-07-08,555.280029296875,555.8200073242188,1.0,0.0018008931480324494,1.0009724427295315,0.000972442729531453,2024-07-09
2024-07-10,561.3200073242188,556.47998046875,1.0,0.0017815149771107295,0.9913774196673644,-0.008622580332635632,2024-07-11
2024-07-16,564.8599853515625,556.9400024414062,1.0,0.0017703502211749186,0.9859788565033033,-0.014021143496696697,2024-07-17
2024-08-12,533.27001953125,542.0399780273438,1.0,0.0018752226140127109,1.016445624495828,0.016445624495827982,2024-08-13
2024-08-14,543.75,553.0700073242188,1.0,0.0018390804597701149,1.017140243354885,0.017140243354885065,2024-08-15
2024-08-16,554.3099975585938,559.6099853515625,1.0,0.0018040446760917283,1.0095614147612564,0.009561414761256382,2024-08-19
2024-09-11,554.4199829101562,559.0900268554688,1.0,0.001803686791285894,1.0084232965788849,0.008423296578884854,2024-09-12
2024-09-13,562.010009765625,562.8400268554688,1.0,0.0017793277390504663,1.001476872431845,0.0014768724318450221,2024-09-16
2024-09-17,563.0700073242188,561.4000244140625,1.0,0.0017759780968482567,0.9970341469294516,-0.0029658530705484187,2024-09-18
2024-10-18,584.5900268554688,583.6300048828125,1.0,0.0017106005132845607,0.9983577859208097,-0.0016422140791902962,2024-10-21
2024-11-07,595.6099853515625,598.1900024414062,1.0,0.0016789510327126966,1.0043317223574095,0.004331722357409529,2024-11-08
2024-11-11,598.760009765625,596.9000244140625,1.0,0.0016701182171324934,0.9968936045807558,-0.003106395419244179,2024-11-12
2024-11-20,590.5,593.6699829101562,1.0,0.001693480101608806,1.0053683029807896,0.005368302980789608,2024-11-21
2024-11-22,595.510009765625,597.530029296875,1.0,0.0016792328988618852,1.0033920832532186,0.003392083253218603,2024-11-25
2024-11-26,600.6500244140625,598.8300170898438,1.0,0.0016648629973427633,0.9969699371510155,-0.0030300628489845494,2024-11-27
2024-12-03,603.9099731445312,607.6599731445312,1.0,0.0016558759491800514,1.0062095348094253,0.006209534809425321,2024-12-04
2024-12-24,601.2999877929688,601.3400268554688,1.0,0.0016630633964760798,1.000066587499273,6.658749927290764e-05,2024-12-26
2025-01-15,592.780029296875,591.6400146484375,1.0,0.0016869664134706904,0.9980768335772213,-0.0019231664227786771,2025-01-16
2025-01-22,606.4400024414062,609.75,1.0,0.00164896773955247,1.0054580791921186,0.005458079192118603,2025-01-23
2025-02-06,606.3200073242188,600.77001953125,1.0,0.0016492940822011633,0.990846437976768,-0.009153562023232031,2025-02-07
2025-04-02,564.52001953125,536.7000122070312,1.0,0.001771416363285666,0.9507191837991518,-0.04928081620084823,2025-04-03
2025-04-24,546.6900024414062,550.6400146484375,1.0,0.0018291902093219257,1.0072253236558038,0.00722532365580375,2025-04-25
2025-04-28,550.8499755859375,554.3200073242188,1.0,0.0018153763171838266,1.006299413437552,0.006299413437552026,2025-04-29
2025-04-30,554.5399780273438,558.469970703125,1.0,0.0018032964973188842,1.0070869420267252,0.007086942026725218,2025-05-01
2025-05-02,566.760009765625,563.510009765625,1.0,0.0017644152423766364,0.994265650462276,-0.005734349537724004,2025-05-05
2025-05-14,587.5900268554688,590.4600219726562,1.0,0.0017018668702591389,1.0048843496077469,0.004884349607746863,2025-05-15
2025-05-16,594.2000122070312,594.8499755859375,1.0,0.001682935004133894,1.0010938461217664,0.0010938461217664397,2025-05-19
2025-06-10,603.0800170898438,601.3599853515625,1.0,0.0016581547583444888,0.9971479211886655,-0.0028520788113345352,2025-06-11
2025-06-25,607.1199951171875,611.8699951171875,1.0,0.001647120846031398,1.0078238240186492,0.007823824018649228,2025-06-26
2025-06-27,614.9099731445312,617.8499755859375,1.0,0.001626254319613963,1.0047811916700125,0.004781191670012452,2025-06-30
2025-07-23,634.2100219726562,634.4199829101562,1.0,0.0015767647393675444,1.0003310590028944,0.00033105900289442936,2025-07-24
2025-07-25,637.0999755859375,636.9400024414062,1.0,0.0015696123659089851,0.9997489041741304,-0.0002510958258695739,2025-07-28
2025-08-14,644.9500122070312,643.4400024414062,1.0,0.0015505077619550403,0.9976587181377705,-0.002341281862229483,2025-08-15
2025-08-28,648.9199829101562,645.0499877929688,1.0,0.0015410220463783302,0.9940362522050376,-0.0059637477949624484,2025-08-29
2025-09-10,652.2100219726562,657.6300048828125,1.0,0.0015332484419289171,1.0083101803522785,0.008310180352278485,2025-09-11
2025-09-22,666.8400268554688,663.2100219726562,1.0,0.0014996100409802493,0.9945564082289271,-0.005443591771072898,2025-09-23
2025-09-30,666.1799926757812,668.4500122070312,1.0,0.0015010958164375307,1.003407516821591,0.0034075168215910168,2025-10-01
2025-10-02,669.219970703125,669.2100219726562,1.0,0.001494276984814629,0.9999851338410324,-1.4866158967619114e-05,2025-10-03
2025-10-27,685.239990234375,687.0599975585938,1.0,0.0014593427328401637,1.0026560144623144,0.002656014462314449,2025-10-28
2025-10-29,687.3900146484375,679.8300170898438,1.0,0.0014547781880588496,0.9890018804499797,-0.01099811955002028,2025-10-30
2025-11-11,683.0,683.3800048828125,1.0,0.0014641288433382138,1.000556376109535,0.0005563761095350728,2025-11-12
2025-11-25,675.02001953125,679.6799926757812,1.0,0.0014814375441700586,1.0069034591711328,0.006903459171132775,2025-11-26
2025-11-28,683.3900146484375,680.27001953125,1.0,0.0014632932565080557,0.9954345321846815,-0.004565467815318525,2025-12-01
2025-12-04,684.3900146484375,685.6900024414062,1.0,0.0014611551580186151,1.0018994838690576,0.0018994838690575833,2025-12-05
2025-12-22,684.8300170898438,687.9600219726562,1.0,0.0014602163676315735,1.0045704843606496,0.0045704843606495515,2025-12-23
2025-12-24,690.3800048828125,690.3099975585938,1.0,0.0014484776397452929,0.9998985959562507,-0.0001014040437492536,2025-12-26
2026-01-06,691.8099975585938,689.5800170898438,1.0,0.0014454835916350049,0.9967765998227553,-0.0032234001772446508,2026-01-07
2026-01-23,689.22998046875,692.72998046875,1.0,0.0014508945175598618,1.0050781308114596,0.00507813081145958,2026-01-26
2026-01-27,695.489990234375,695.4199829101562,1.0,0.0014378352155190721,0.999899341003894,-0.0001006589961060067,2026-01-28
