BTC_Date,BTC_Close,VIX_Date
2015-08-22,230.38999938964844,2015-08-21
2015-08-23,228.16900634765625,2015-08-21
2015-08-24,210.4949951171875,2015-08-21
2015-08-25,221.60899353027344,2015-08-21
2015-08-26,225.83099365234375,2015-08-21
2015-08-27,224.7689971923828,2015-08-21
2015-08-28,231.39599609375,2015-08-21
2015-08-29,229.77999877929688,2015-08-21
2015-08-30,228.76100158691406,2015-08-21
2015-08-31,230.05599975585938,2015-08-21
2015-09-01,228.12100219726562,2015-08-21
2015-09-02,229.28399658203125,2015-08-21
2015-09-03,227.18299865722656,2015-08-21
2015-09-04,230.29800415039062,2015-08-21
2015-09-05,235.0189971923828,2015-08-21
2015-09-06,239.83999633789062,2015-08-21
2015-09-07,239.8470001220703,2015-08-21
2015-09-08,243.60699462890625,2015-08-21
2015-09-09,238.16799926757812,2015-08-21
2015-09-10,238.4770050048828,2015-08-21
2015-09-11,240.10699462890625,2015-08-21
2015-09-12,235.22900390625,2015-08-21
2015-09-13,230.51199340820312,2015-08-21
2015-09-14,230.6439971923828,2015-08-21
2015-09-15,230.3040008544922,2015-08-21
2015-09-16,229.09100341796875,2015-08-21
2015-09-17,229.80999755859375,2015-08-21
2015-09-18,232.97500610351562,2015-08-21
2015-09-19,231.4929962158203,2015-08-21
2015-09-20,231.21200561523438,2015-08-21
2015-09-10,238.4770050048828,2015-09-09
2015-09-11,240.10699462890625,2015-09-09
2015-09-12,235.22900390625,2015-09-09
2015-09-13,230.51199340820312,2015-09-09
2015-09-14,230.6439971923828,2015-09-09
2015-09-15,230.3040008544922,2015-09-09
2015-09-16,229.09100341796875,2015-09-09
2015-09-17,229.80999755859375,2015-09-09
2015-09-18,232.97500610351562,2015-09-09
2015-09-19,231.4929962158203,2015-09-09
2015-09-20,231.21200561523438,2015-09-09
2015-09-21,227.0850067138672,2015-09-09
2015-09-22,230.6179962158203,2015-09-09
2015-09-23,230.2830047607422,2015-09-09
2015-09-24,234.5290069580078,2015-09-09
2015-09-25,235.1439971923828,2015-09-09
2015-09-26,234.33999633789062,2015-09-09
2015-09-27,232.7570037841797,2015-09-09
2015-09-28,239.14199829101562,2015-09-09
2015-09-29,236.68699645996094,2015-09-09
2015-09-30,236.05999755859375,2015-09-09
2015-10-01,237.5489959716797,2015-09-09
2015-10-02,237.29299926757812,2015-09-09
2015-10-03,238.72999572753906,2015-09-09
2015-10-04,238.25900268554688,2015-09-09
2015-10-05,240.38299560546875,2015-09-09
2015-10-06,246.06300354003906,2015-09-09
2015-10-07,242.968994140625,2015-09-09
2015-10-08,242.3040008544922,2015-09-09
2015-10-09,243.93099975585938,2015-09-09
2015-09-29,236.68699645996094,2015-09-28
2015-09-30,236.05999755859375,2015-09-28
2015-10-01,237.5489959716797,2015-09-28
2015-10-02,237.29299926757812,2015-09-28
2015-10-03,238.72999572753906,2015-09-28
2015-10-04,238.25900268554688,2015-09-28
2015-10-05,240.38299560546875,2015-09-28
2015-10-06,246.06300354003906,2015-09-28
2015-10-07,242.968994140625,2015-09-28
2015-10-08,242.3040008544922,2015-09-28
2015-10-09,243.93099975585938,2015-09-28
2015-10-10,244.9409942626953,2015-09-28
2015-10-11,247.0500030517578,2015-09-28
2015-10-12,245.30799865722656,2015-09-28
2015-10-13,249.50799560546875,2015-09-28
2015-10-14,251.98899841308594,2015-09-28
2015-10-15,254.32000732421875,2015-09-28
2015-10-16,262.8689880371094,2015-09-28
2015-10-17,270.6400146484375,2015-09-28
2015-10-18,261.64300537109375,2015-09-28
2015-10-19,263.43701171875,2015-09-28
2015-10-20,269.4630126953125,2015-09-28
2015-10-21,266.2720031738281,2015-09-28
2015-10-22,274.02301025390625,2015-09-28
2015-10-23,276.4960021972656,2015-09-28
2015-10-24,281.65399169921875,2015-09-28
2015-10-25,283.67999267578125,2015-09-28
2015-10-26,285.29998779296875,2015-09-28
2015-10-27,293.7879943847656,2015-09-28
2015-10-28,304.6180114746094,2015-09-28
2016-01-09,447.6109924316406,2016-01-08
2016-01-10,447.9909973144531,2016-01-08
2016-01-11,448.4280090332031,2016-01-08
2016-01-12,435.69000244140625,2016-01-08
2016-01-13,432.3710021972656,2016-01-08
2016-01-14,430.3059997558594,2016-01-08
2016-01-15,364.33099365234375,2016-01-08
2016-01-16,387.5360107421875,2016-01-08
2016-01-17,382.29901123046875,2016-01-08
2016-01-18,387.1679992675781,2016-01-08
2016-01-19,380.14898681640625,2016-01-08
2016-01-20,420.2300109863281,2016-01-08
2016-01-21,410.2619934082031,2016-01-08
2016-01-22,382.49200439453125,2016-01-08
2016-01-23,387.4909973144531,2016-01-08
2016-01-24,402.97100830078125,2016-01-08
2016-01-25,391.72601318359375,2016-01-08
2016-01-26,392.15301513671875,2016-01-08
2016-01-27,394.97198486328125,2016-01-08
2016-01-28,380.28900146484375,2016-01-08
2016-01-29,379.4739990234375,2016-01-08
2016-01-30,378.2550048828125,2016-01-08
2016-01-31,368.7669982910156,2016-01-08
2016-02-01,373.0559997558594,2016-01-08
2016-02-02,374.447998046875,2016-01-08
2016-02-03,369.9490051269531,2016-01-08
2016-02-04,389.593994140625,2016-01-08
2016-02-05,386.54901123046875,2016-01-08
2016-02-06,376.5220031738281,2016-01-08
2016-02-07,376.6199951171875,2016-01-08
2016-01-14,430.3059997558594,2016-01-13
2016-01-15,364.33099365234375,2016-01-13
2016-01-16,387.5360107421875,2016-01-13
2016-01-17,382.29901123046875,2016-01-13
2016-01-18,387.1679992675781,2016-01-13
2016-01-19,380.14898681640625,2016-01-13
2016-01-20,420.2300109863281,2016-01-13
2016-01-21,410.2619934082031,2016-01-13
2016-01-22,382.49200439453125,2016-01-13
2016-01-23,387.4909973144531,2016-01-13
2016-01-24,402.97100830078125,2016-01-13
2016-01-25,391.72601318359375,2016-01-13
2016-01-26,392.15301513671875,2016-01-13
2016-01-27,394.97198486328125,2016-01-13
2016-01-28,380.28900146484375,2016-01-13
2016-01-29,379.4739990234375,2016-01-13
2016-01-30,378.2550048828125,2016-01-13
2016-01-31,368.7669982910156,2016-01-13
2016-02-01,373.0559997558594,2016-01-13
2016-02-02,374.447998046875,2016-01-13
2016-02-03,369.9490051269531,2016-01-13
2016-02-04,389.593994140625,2016-01-13
2016-02-05,386.54901123046875,2016-01-13
2016-02-06,376.5220031738281,2016-01-13
2016-02-07,376.6199951171875,2016-01-13
2016-02-08,373.4469909667969,2016-01-13
2016-02-09,376.02899169921875,2016-01-13
2016-02-10,381.64898681640625,2016-01-13
2016-02-11,379.65399169921875,2016-01-13
2016-02-12,384.26300048828125,2016-01-13
2016-01-16,387.5360107421875,2016-01-15
2016-01-17,382.29901123046875,2016-01-15
2016-01-18,387.1679992675781,2016-01-15
2016-01-19,380.14898681640625,2016-01-15
2016-01-20,420.2300109863281,2016-01-15
2016-01-21,410.2619934082031,2016-01-15
2016-01-22,382.49200439453125,2016-01-15
2016-01-23,387.4909973144531,2016-01-15
2016-01-24,402.97100830078125,2016-01-15
2016-01-25,391.72601318359375,2016-01-15
2016-01-26,392.15301513671875,2016-01-15
2016-01-27,394.97198486328125,2016-01-15
2016-01-28,380.28900146484375,2016-01-15
2016-01-29,379.4739990234375,2016-01-15
2016-01-30,378.2550048828125,2016-01-15
2016-01-31,368.7669982910156,2016-01-15
2016-02-01,373.0559997558594,2016-01-15
2016-02-02,374.447998046875,2016-01-15
2016-02-03,369.9490051269531,2016-01-15
2016-02-04,389.593994140625,2016-01-15
2016-02-05,386.54901123046875,2016-01-15
2016-02-06,376.5220031738281,2016-01-15
2016-02-07,376.6199951171875,2016-01-15
2016-02-08,373.4469909667969,2016-01-15
2016-02-09,376.02899169921875,2016-01-15
2016-02-10,381.64898681640625,2016-01-15
2016-02-11,379.65399169921875,2016-01-15
2016-02-12,384.26300048828125,2016-01-15
2016-02-13,391.8599853515625,2016-01-15
2016-02-14,407.2300109863281,2016-01-15
2016-02-09,376.02899169921875,2016-02-08
2016-02-10,381.64898681640625,2016-02-08
2016-02-11,379.65399169921875,2016-02-08
2016-02-12,384.26300048828125,2016-02-08
2016-02-13,391.8599853515625,2016-02-08
2016-02-14,407.2300109863281,2016-02-08
2016-02-15,400.18499755859375,2016-02-08
2016-02-16,407.4880065917969,2016-02-08
2016-02-17,416.3219909667969,2016-02-08
2016-02-18,422.37298583984375,2016-02-08
2016-02-19,420.7850036621094,2016-02-08
2016-02-20,437.16400146484375,2016-02-08
2016-02-21,438.7980041503906,2016-02-08
2016-02-22,437.74798583984375,2016-02-08
2016-02-23,420.7359924316406,2016-02-08
2016-02-24,424.9549865722656,2016-02-08
2016-02-25,424.54400634765625,2016-02-08
2016-02-26,432.1520080566406,2016-02-08
2016-02-27,432.5190124511719,2016-02-08
2016-02-28,433.5039978027344,2016-02-08
2016-02-29,437.6969909667969,2016-02-08
2016-03-01,435.12298583984375,2016-02-08
2016-03-02,423.989013671875,2016-02-08
2016-03-03,421.6510009765625,2016-02-08
2016-03-04,410.9389953613281,2016-02-08
2016-03-05,400.57000732421875,2016-02-08
2016-03-06,407.7070007324219,2016-02-08
2016-03-07,414.3210144042969,2016-02-08
2016-03-08,413.97198486328125,2016-02-08
2016-03-09,414.8599853515625,2016-02-08
2016-06-25,665.1229858398438,2016-06-24
2016-06-26,629.3670043945312,2016-06-24
2016-06-27,655.2750244140625,2016-06-24
2016-06-28,647.0009765625,2016-06-24
2016-06-29,639.8900146484375,2016-06-24
2016-06-30,673.3369750976562,2016-06-24
2016-07-01,676.2960205078125,2016-06-24
2016-07-02,703.7020263671875,2016-06-24
2016-07-03,658.6640014648438,2016-06-24
2016-07-04,683.6619873046875,2016-06-24
2016-07-05,670.6270141601562,2016-06-24
2016-07-06,677.3309936523438,2016-06-24
2016-07-07,640.56201171875,2016-06-24
2016-07-08,666.5230102539062,2016-06-24
2016-07-09,650.9600219726562,2016-06-24
2016-07-10,649.3599853515625,2016-06-24
2016-07-11,647.6589965820312,2016-06-24
2016-07-12,664.551025390625,2016-06-24
2016-07-13,654.468017578125,2016-06-24
2016-07-14,658.0780029296875,2016-06-24
2016-07-15,663.2550048828125,2016-06-24
2016-07-16,660.7670288085938,2016-06-24
2016-07-17,679.458984375,2016-06-24
2016-07-18,673.1060180664062,2016-06-24
2016-07-19,672.864013671875,2016-06-24
2016-07-20,665.6849975585938,2016-06-24
2016-07-21,665.0120239257812,2016-06-24
2016-07-22,650.6190185546875,2016-06-24
2016-07-23,655.5560302734375,2016-06-24
2016-07-24,661.2849731445312,2016-06-24
2018-02-06,7754.0,2018-02-05
2018-02-07,7621.2998046875,2018-02-05
2018-02-08,8265.58984375,2018-02-05
2018-02-09,8736.98046875,2018-02-05
2018-02-10,8621.900390625,2018-02-05
2018-02-11,8129.97021484375,2018-02-05
2018-02-12,8926.5703125,2018-02-05
2018-02-13,8598.3095703125,2018-02-05
2018-02-14,9494.6298828125,2018-02-05
2018-02-15,10166.400390625,2018-02-05
2018-02-16,10233.900390625,2018-02-05
2018-02-17,11112.7001953125,2018-02-05
2018-02-18,10551.7998046875,2018-02-05
2018-02-19,11225.2998046875,2018-02-05
2018-02-20,11403.7001953125,2018-02-05
2018-02-21,10690.400390625,2018-02-05
2018-02-22,10005.0,2018-02-05
2018-02-23,10301.099609375,2018-02-05
2018-02-24,9813.0703125,2018-02-05
2018-02-25,9664.73046875,2018-02-05
2018-02-26,10366.7001953125,2018-02-05
2018-02-27,10725.599609375,2018-02-05
2018-02-28,10397.900390625,2018-02-05
2018-03-01,10951.0,2018-02-05
2018-03-02,11086.400390625,2018-02-05
2018-03-03,11489.7001953125,2018-02-05
2018-03-04,11512.599609375,2018-02-05
2018-03-05,11573.2998046875,2018-02-05
2018-03-06,10779.900390625,2018-02-05
2018-03-07,9965.5703125,2018-02-05
2018-10-25,6476.2900390625,2018-10-24
2018-10-26,6474.75,2018-10-24
2018-10-27,6480.3798828125,2018-10-24
2018-10-28,6486.39013671875,2018-10-24
2018-10-29,6332.6298828125,2018-10-24
2018-10-30,6334.27001953125,2018-10-24
2018-10-31,6317.60986328125,2018-10-24
2018-11-01,6377.77978515625,2018-10-24
2018-11-02,6388.43994140625,2018-10-24
2018-11-03,6361.259765625,2018-10-24
2018-11-04,6376.1298828125,2018-10-24
2018-11-05,6419.66015625,2018-10-24
2018-11-06,6461.009765625,2018-10-24
2018-11-07,6530.14013671875,2018-10-24
2018-11-08,6453.72021484375,2018-10-24
2018-11-09,6385.6201171875,2018-10-24
2018-11-10,6409.22021484375,2018-10-24
2018-11-11,6411.27001953125,2018-10-24
2018-11-12,6371.27001953125,2018-10-24
2018-11-13,6359.490234375,2018-10-24
2018-11-14,5738.35009765625,2018-10-24
2018-11-15,5648.02978515625,2018-10-24
2018-11-16,5575.5498046875,2018-10-24
2018-11-17,5554.330078125,2018-10-24
2018-11-18,5623.5400390625,2018-10-24
2018-11-19,4871.490234375,2018-10-24
2018-11-20,4451.8701171875,2018-10-24
2018-11-21,4602.169921875,2018-10-24
2018-11-22,4365.93994140625,2018-10-24
2018-11-23,4347.10986328125,2018-10-24
2018-12-19,3745.95068359375,2018-12-18
2018-12-20,4134.44140625,2018-12-18
2018-12-21,3896.543701171875,2018-12-18
2018-12-22,4014.1826171875,2018-12-18
2018-12-23,3998.980224609375,2018-12-18
2018-12-24,4078.59912109375,2018-12-18
2018-12-25,3815.49072265625,2018-12-18
2018-12-26,3857.297607421875,2018-12-18
2018-12-27,3654.83349609375,2018-12-18
2018-12-28,3923.918701171875,2018-12-18
2018-12-29,3820.40869140625,2018-12-18
2018-12-30,3865.95263671875,2018-12-18
2018-12-31,3742.700439453125,2018-12-18
2019-01-01,3843.52001953125,2018-12-18
2019-01-02,3943.409423828125,2018-12-18
2019-01-03,3836.7412109375,2018-12-18
2019-01-04,3857.717529296875,2018-12-18
2019-01-05,3845.194580078125,2018-12-18
2019-01-06,4076.632568359375,2018-12-18
2019-01-07,4025.248291015625,2018-12-18
2019-01-08,4030.847900390625,2018-12-18
2019-01-09,4035.29638671875,2018-12-18
2019-01-10,3678.924560546875,2018-12-18
2019-01-11,3687.365478515625,2018-12-18
2019-01-12,3661.301025390625,2018-12-18
2019-01-13,3552.953125,2018-12-18
2019-01-14,3706.05224609375,2018-12-18
2019-01-15,3630.67529296875,2018-12-18
2019-01-16,3655.0068359375,2018-12-18
2019-01-17,3678.56396484375,2018-12-18
2019-01-04,3857.717529296875,2019-01-03
2019-01-05,3845.194580078125,2019-01-03
2019-01-06,4076.632568359375,2019-01-03
2019-01-07,4025.248291015625,2019-01-03
2019-01-08,4030.847900390625,2019-01-03
2019-01-09,4035.29638671875,2019-01-03
2019-01-10,3678.924560546875,2019-01-03
2019-01-11,3687.365478515625,2019-01-03
2019-01-12,3661.301025390625,2019-01-03
2019-01-13,3552.953125,2019-01-03
2019-01-14,3706.05224609375,2019-01-03
2019-01-15,3630.67529296875,2019-01-03
2019-01-16,3655.0068359375,2019-01-03
2019-01-17,3678.56396484375,2019-01-03
2019-01-18,3657.83935546875,2019-01-03
2019-01-19,3728.568359375,2019-01-03
2019-01-20,3601.013671875,2019-01-03
2019-01-21,3576.032470703125,2019-01-03
2019-01-22,3604.5771484375,2019-01-03
2019-01-23,3585.123046875,2019-01-03
2019-01-24,3600.865478515625,2019-01-03
2019-01-25,3599.765869140625,2019-01-03
2019-01-26,3602.46044921875,2019-01-03
2019-01-27,3583.9658203125,2019-01-03
2019-01-28,3470.450439453125,2019-01-03
2019-01-29,3448.116943359375,2019-01-03
2019-01-30,3486.181640625,2019-01-03
2019-01-31,3457.792724609375,2019-01-03
2019-02-01,3487.9453125,2019-01-03
2019-02-02,3521.060791015625,2019-01-03
2020-02-25,9341.705078125,2020-02-24
2020-02-26,8820.5224609375,2020-02-24
2020-02-27,8784.494140625,2020-02-24
2020-02-28,8672.455078125,2020-02-24
2020-02-29,8599.5087890625,2020-02-24
2020-03-01,8562.4541015625,2020-02-24
2020-03-02,8869.669921875,2020-02-24
2020-03-03,8787.7861328125,2020-02-24
2020-03-04,8755.24609375,2020-02-24
2020-03-05,9078.7626953125,2020-02-24
2020-03-06,9122.5458984375,2020-02-24
2020-03-07,8909.9541015625,2020-02-24
2020-03-08,8108.1162109375,2020-02-24
2020-03-09,7923.64453125,2020-02-24
2020-03-10,7909.7294921875,2020-02-24
2020-03-11,7911.43017578125,2020-02-24
2020-03-12,4970.7880859375,2020-02-24
2020-03-13,5563.70703125,2020-02-24
2020-03-14,5200.3662109375,2020-02-24
2020-03-15,5392.31494140625,2020-02-24
2020-03-16,5014.47998046875,2020-02-24
2020-03-17,5225.62939453125,2020-02-24
2020-03-18,5238.4384765625,2020-02-24
2020-03-19,6191.19287109375,2020-02-24
2020-03-20,6198.7783203125,2020-02-24
2020-03-21,6185.06640625,2020-02-24
2020-03-22,5830.2548828125,2020-02-24
2020-03-23,6416.31494140625,2020-02-24
2020-03-24,6734.8037109375,2020-02-24
2020-03-25,6681.06298828125,2020-02-24
2020-06-09,9795.7001953125,2020-06-08
2020-06-10,9870.0947265625,2020-06-08
2020-06-11,9321.78125,2020-06-08
2020-06-12,9480.84375,2020-06-08
2020-06-13,9475.27734375,2020-06-08
2020-06-14,9386.7880859375,2020-06-08
2020-06-15,9450.7021484375,2020-06-08
2020-06-16,9538.0244140625,2020-06-08
2020-06-17,9480.2548828125,2020-06-08
2020-06-18,9411.8408203125,2020-06-08
2020-06-19,9288.0185546875,2020-06-08
2020-06-20,9332.3408203125,2020-06-08
2020-06-21,9303.6298828125,2020-06-08
2020-06-22,9648.7177734375,2020-06-08
2020-06-23,9629.658203125,2020-06-08
2020-06-24,9313.6103515625,2020-06-08
2020-06-25,9264.8134765625,2020-06-08
2020-06-26,9162.91796875,2020-06-08
2020-06-27,9045.390625,2020-06-08
2020-06-28,9143.58203125,2020-06-08
2020-06-29,9190.8544921875,2020-06-08
2020-06-30,9137.9931640625,2020-06-08
2020-07-01,9228.3251953125,2020-06-08
2020-07-02,9123.41015625,2020-06-08
2020-07-03,9087.3037109375,2020-06-08
2020-07-04,9132.48828125,2020-06-08
2020-07-05,9073.9423828125,2020-06-08
2020-07-06,9375.474609375,2020-06-08
2020-07-07,9252.27734375,2020-06-08
2020-07-08,9428.3330078125,2020-06-08
2020-07-24,9536.892578125,2020-07-23
2020-07-25,9677.11328125,2020-07-23
2020-07-26,9905.1669921875,2020-07-23
2020-07-27,10990.873046875,2020-07-23
2020-07-28,10912.8232421875,2020-07-23
2020-07-29,11100.4677734375,2020-07-23
2020-07-30,11111.2138671875,2020-07-23
2020-07-31,11323.466796875,2020-07-23
2020-08-01,11759.5927734375,2020-07-23
2020-08-02,11053.6142578125,2020-07-23
2020-08-03,11246.3486328125,2020-07-23
2020-08-04,11205.892578125,2020-07-23
2020-08-05,11747.0224609375,2020-07-23
2020-08-06,11779.7734375,2020-07-23
2020-08-07,11601.47265625,2020-07-23
2020-08-08,11754.0458984375,2020-07-23
2020-08-09,11675.7392578125,2020-07-23
2020-08-10,11878.111328125,2020-07-23
2020-08-11,11410.525390625,2020-07-23
2020-08-12,11584.9345703125,2020-07-23
2020-08-13,11784.1376953125,2020-07-23
2020-08-14,11768.87109375,2020-07-23
2020-08-15,11865.6982421875,2020-07-23
2020-08-16,11892.8037109375,2020-07-23
2020-08-17,12254.40234375,2020-07-23
2020-08-18,11991.2333984375,2020-07-23
2020-08-19,11758.283203125,2020-07-23
2020-08-20,11878.3720703125,2020-07-23
2020-08-21,11592.4892578125,2020-07-23
2020-08-22,11681.8251953125,2020-07-23
2020-07-29,11100.4677734375,2020-07-28
2020-07-30,11111.2138671875,2020-07-28
2020-07-31,11323.466796875,2020-07-28
2020-08-01,11759.5927734375,2020-07-28
2020-08-02,11053.6142578125,2020-07-28
2020-08-03,11246.3486328125,2020-07-28
2020-08-04,11205.892578125,2020-07-28
2020-08-05,11747.0224609375,2020-07-28
2020-08-06,11779.7734375,2020-07-28
2020-08-07,11601.47265625,2020-07-28
2020-08-08,11754.0458984375,2020-07-28
2020-08-09,11675.7392578125,2020-07-28
2020-08-10,11878.111328125,2020-07-28
2020-08-11,11410.525390625,2020-07-28
2020-08-12,11584.9345703125,2020-07-28
2020-08-13,11784.1376953125,2020-07-28
2020-08-14,11768.87109375,2020-07-28
2020-08-15,11865.6982421875,2020-07-28
2020-08-16,11892.8037109375,2020-07-28
2020-08-17,12254.40234375,2020-07-28
2020-08-18,11991.2333984375,2020-07-28
2020-08-19,11758.283203125,2020-07-28
2020-08-20,11878.3720703125,2020-07-28
2020-08-21,11592.4892578125,2020-07-28
2020-08-22,11681.8251953125,2020-07-28
2020-08-23,11664.84765625,2020-07-28
2020-08-24,11774.595703125,2020-07-28
2020-08-25,11366.134765625,2020-07-28
2020-08-26,11488.36328125,2020-07-28
2020-08-27,11323.3974609375,2020-07-28
2020-09-01,11970.478515625,2020-08-31
2020-09-02,11414.0341796875,2020-08-31
2020-09-03,10245.296875,2020-08-31
2020-09-04,10511.8134765625,2020-08-31
2020-09-05,10169.5673828125,2020-08-31
2020-09-06,10280.3515625,2020-08-31
2020-09-07,10369.5634765625,2020-08-31
2020-09-08,10131.5166015625,2020-08-31
2020-09-09,10242.34765625,2020-08-31
2020-09-10,10363.138671875,2020-08-31
2020-09-11,10400.9150390625,2020-08-31
2020-09-12,10442.1708984375,2020-08-31
2020-09-13,10323.755859375,2020-08-31
2020-09-14,10680.837890625,2020-08-31
2020-09-15,10796.951171875,2020-08-31
2020-09-16,10974.9052734375,2020-08-31
2020-09-17,10948.990234375,2020-08-31
2020-09-18,10944.5859375,2020-08-31
2020-09-19,11094.3466796875,2020-08-31
2020-09-20,10938.271484375,2020-08-31
2020-09-21,10462.259765625,2020-08-31
2020-09-22,10538.4599609375,2020-08-31
2020-09-23,10246.1865234375,2020-08-31
2020-09-24,10760.06640625,2020-08-31
2020-09-25,10692.716796875,2020-08-31
2020-09-26,10750.7236328125,2020-08-31
2020-09-27,10775.26953125,2020-08-31
2020-09-28,10709.65234375,2020-08-31
2020-09-29,10844.640625,2020-08-31
2020-09-30,10784.4912109375,2020-08-31
2020-11-10,15290.90234375,2020-11-09
2020-11-11,15701.33984375,2020-11-09
2020-11-12,16276.34375,2020-11-09
2020-11-13,16317.80859375,2020-11-09
2020-11-14,16068.138671875,2020-11-09
2020-11-15,15955.587890625,2020-11-09
2020-11-16,16716.111328125,2020-11-09
2020-11-17,17645.40625,2020-11-09
2020-11-18,17804.005859375,2020-11-09
2020-11-19,17817.08984375,2020-11-09
2020-11-20,18621.314453125,2020-11-09
2020-11-21,18642.232421875,2020-11-09
2020-11-22,18370.001953125,2020-11-09
2020-11-23,18364.12109375,2020-11-09
2020-11-24,19107.46484375,2020-11-09
2020-11-25,18732.12109375,2020-11-09
2020-11-26,17150.623046875,2020-11-09
2020-11-27,17108.40234375,2020-11-09
2020-11-28,17717.4140625,2020-11-09
2020-11-29,18177.484375,2020-11-09
2020-11-30,19625.8359375,2020-11-09
2020-12-01,18802.998046875,2020-11-09
2020-12-02,19201.091796875,2020-11-09
2020-12-03,19445.3984375,2020-11-09
2020-12-04,18699.765625,2020-11-09
2020-12-05,19154.23046875,2020-11-09
2020-12-06,19345.12109375,2020-11-09
2020-12-07,19191.630859375,2020-11-09
2020-12-08,18321.14453125,2020-11-09
2020-12-09,18553.916015625,2020-11-09
2020-11-13,16317.80859375,2020-11-12
2020-11-14,16068.138671875,2020-11-12
2020-11-15,15955.587890625,2020-11-12
2020-11-16,16716.111328125,2020-11-12
2020-11-17,17645.40625,2020-11-12
2020-11-18,17804.005859375,2020-11-12
2020-11-19,17817.08984375,2020-11-12
2020-11-20,18621.314453125,2020-11-12
2020-11-21,18642.232421875,2020-11-12
2020-11-22,18370.001953125,2020-11-12
2020-11-23,18364.12109375,2020-11-12
2020-11-24,19107.46484375,2020-11-12
2020-11-25,18732.12109375,2020-11-12
2020-11-26,17150.623046875,2020-11-12
2020-11-27,17108.40234375,2020-11-12
2020-11-28,17717.4140625,2020-11-12
2020-11-29,18177.484375,2020-11-12
2020-11-30,19625.8359375,2020-11-12
2020-12-01,18802.998046875,2020-11-12
2020-12-02,19201.091796875,2020-11-12
2020-12-03,19445.3984375,2020-11-12
2020-12-04,18699.765625,2020-11-12
2020-12-05,19154.23046875,2020-11-12
2020-12-06,19345.12109375,2020-11-12
2020-12-07,19191.630859375,2020-11-12
2020-12-08,18321.14453125,2020-11-12
2020-12-09,18553.916015625,2020-11-12
2020-12-10,18264.9921875,2020-11-12
2020-12-11,18058.904296875,2020-11-12
2020-12-12,18803.65625,2020-11-12
2020-12-22,23783.029296875,2020-12-21
2020-12-23,23241.345703125,2020-12-21
2020-12-24,23735.94921875,2020-12-21
2020-12-25,24664.791015625,2020-12-21
2020-12-26,26437.037109375,2020-12-21
2020-12-27,26272.294921875,2020-12-21
2020-12-28,27084.80859375,2020-12-21
2020-12-29,27362.4375,2020-12-21
2020-12-30,28840.953125,2020-12-21
2020-12-31,29001.720703125,2020-12-21
2021-01-01,29374.15234375,2020-12-21
2021-01-02,32127.267578125,2020-12-21
2021-01-03,32782.0234375,2020-12-21
2021-01-04,31971.9140625,2020-12-21
2021-01-05,33992.4296875,2020-12-21
2021-01-06,36824.36328125,2020-12-21
2021-01-07,39371.04296875,2020-12-21
2021-01-08,40797.609375,2020-12-21
2021-01-09,40254.546875,2020-12-21
2021-01-10,38356.44140625,2020-12-21
2021-01-11,35566.65625,2020-12-21
2021-01-12,33922.9609375,2020-12-21
2021-01-13,37316.359375,2020-12-21
2021-01-14,39187.328125,2020-12-21
2021-01-15,36825.3671875,2020-12-21
2021-01-16,36178.140625,2020-12-21
2021-01-17,35791.27734375,2020-12-21
2021-01-18,36630.07421875,2020-12-21
2021-01-19,36069.8046875,2020-12-21
2021-01-20,35547.75,2020-12-21
2021-01-05,33992.4296875,2021-01-04
2021-01-06,36824.36328125,2021-01-04
2021-01-07,39371.04296875,2021-01-04
2021-01-08,40797.609375,2021-01-04
2021-01-09,40254.546875,2021-01-04
2021-01-10,38356.44140625,2021-01-04
2021-01-11,35566.65625,2021-01-04
2021-01-12,33922.9609375,2021-01-04
2021-01-13,37316.359375,2021-01-04
2021-01-14,39187.328125,2021-01-04
2021-01-15,36825.3671875,2021-01-04
2021-01-16,36178.140625,2021-01-04
2021-01-17,35791.27734375,2021-01-04
2021-01-18,36630.07421875,2021-01-04
2021-01-19,36069.8046875,2021-01-04
2021-01-20,35547.75,2021-01-04
2021-01-21,30825.69921875,2021-01-04
2021-01-22,33005.76171875,2021-01-04
2021-01-23,32067.642578125,2021-01-04
2021-01-24,32289.37890625,2021-01-04
2021-01-25,32366.392578125,2021-01-04
2021-01-26,32569.849609375,2021-01-04
2021-01-27,30432.546875,2021-01-04
2021-01-28,33466.09765625,2021-01-04
2021-01-29,34316.38671875,2021-01-04
2021-01-30,34269.5234375,2021-01-04
2021-01-31,33114.359375,2021-01-04
2021-02-01,33537.17578125,2021-01-04
2021-02-02,35510.2890625,2021-01-04
2021-02-03,37472.08984375,2021-01-04
2021-01-28,33466.09765625,2021-01-27
2021-01-29,34316.38671875,2021-01-27
2021-01-30,34269.5234375,2021-01-27
2021-01-31,33114.359375,2021-01-27
2021-02-01,33537.17578125,2021-01-27
2021-02-02,35510.2890625,2021-01-27
2021-02-03,37472.08984375,2021-01-27
2021-02-04,36926.06640625,2021-01-27
2021-02-05,38144.30859375,2021-01-27
2021-02-06,39266.01171875,2021-01-27
2021-02-07,38903.44140625,2021-01-27
2021-02-08,46196.46484375,2021-01-27
2021-02-09,46481.10546875,2021-01-27
2021-02-10,44918.18359375,2021-01-27
2021-02-11,47909.33203125,2021-01-27
2021-02-12,47504.8515625,2021-01-27
2021-02-13,47105.515625,2021-01-27
2021-02-14,48717.2890625,2021-01-27
2021-02-15,47945.05859375,2021-01-27
2021-02-16,49199.87109375,2021-01-27
2021-02-17,52149.0078125,2021-01-27
2021-02-18,51679.796875,2021-01-27
2021-02-19,55888.1328125,2021-01-27
2021-02-20,56099.51953125,2021-01-27
2021-02-21,57539.9453125,2021-01-27
2021-02-22,54207.3203125,2021-01-27
2021-02-23,48824.42578125,2021-01-27
2021-02-24,49705.33203125,2021-01-27
2021-02-25,47093.8515625,2021-01-27
2021-02-26,46339.76171875,2021-01-27
2021-02-26,46339.76171875,2021-02-25
2021-02-27,46188.453125,2021-02-25
2021-02-28,45137.76953125,2021-02-25
2021-03-01,49631.2421875,2021-02-25
2021-03-02,48378.98828125,2021-02-25
2021-03-03,50538.2421875,2021-02-25
2021-03-04,48561.16796875,2021-02-25
2021-03-05,48927.3046875,2021-02-25
2021-03-06,48912.3828125,2021-02-25
2021-03-07,51206.69140625,2021-02-25
2021-03-08,52246.5234375,2021-02-25
2021-03-09,54824.1171875,2021-02-25
2021-03-10,56008.55078125,2021-02-25
2021-03-11,57805.12109375,2021-02-25
2021-03-12,57332.08984375,2021-02-25
2021-03-13,61243.0859375,2021-02-25
2021-03-14,59302.31640625,2021-02-25
2021-03-15,55907.19921875,2021-02-25
2021-03-16,56804.90234375,2021-02-25
2021-03-17,58870.89453125,2021-02-25
2021-03-18,57858.921875,2021-02-25
2021-03-19,58346.65234375,2021-02-25
2021-03-20,58313.64453125,2021-02-25
2021-03-21,57523.421875,2021-02-25
2021-03-22,54529.14453125,2021-02-25
2021-03-23,54738.9453125,2021-02-25
2021-03-24,52774.265625,2021-02-25
2021-03-25,51704.16015625,2021-02-25
2021-03-26,55137.3125,2021-02-25
2021-03-27,55973.51171875,2021-02-25
2021-03-04,48561.16796875,2021-03-03
2021-03-05,48927.3046875,2021-03-03
2021-03-06,48912.3828125,2021-03-03
2021-03-07,51206.69140625,2021-03-03
2021-03-08,52246.5234375,2021-03-03
2021-03-09,54824.1171875,2021-03-03
2021-03-10,56008.55078125,2021-03-03
2021-03-11,57805.12109375,2021-03-03
2021-03-12,57332.08984375,2021-03-03
2021-03-13,61243.0859375,2021-03-03
2021-03-14,59302.31640625,2021-03-03
2021-03-15,55907.19921875,2021-03-03
2021-03-16,56804.90234375,2021-03-03
2021-03-17,58870.89453125,2021-03-03
2021-03-18,57858.921875,2021-03-03
2021-03-19,58346.65234375,2021-03-03
2021-03-20,58313.64453125,2021-03-03
2021-03-21,57523.421875,2021-03-03
2021-03-22,54529.14453125,2021-03-03
2021-03-23,54738.9453125,2021-03-03
2021-03-24,52774.265625,2021-03-03
2021-03-25,51704.16015625,2021-03-03
2021-03-26,55137.3125,2021-03-03
2021-03-27,55973.51171875,2021-03-03
2021-03-28,55950.74609375,2021-03-03
2021-03-29,57750.19921875,2021-03-03
2021-03-30,58917.69140625,2021-03-03
2021-03-31,58918.83203125,2021-03-03
2021-04-01,59095.80859375,2021-03-03
2021-04-02,59384.3125,2021-03-03
2021-03-09,54824.1171875,2021-03-08
2021-03-10,56008.55078125,2021-03-08
2021-03-11,57805.12109375,2021-03-08
2021-03-12,57332.08984375,2021-03-08
2021-03-13,61243.0859375,2021-03-08
2021-03-14,59302.31640625,2021-03-08
2021-03-15,55907.19921875,2021-03-08
2021-03-16,56804.90234375,2021-03-08
2021-03-17,58870.89453125,2021-03-08
2021-03-18,57858.921875,2021-03-08
2021-03-19,58346.65234375,2021-03-08
2021-03-20,58313.64453125,2021-03-08
2021-03-21,57523.421875,2021-03-08
2021-03-22,54529.14453125,2021-03-08
2021-03-23,54738.9453125,2021-03-08
2021-03-24,52774.265625,2021-03-08
2021-03-25,51704.16015625,2021-03-08
2021-03-26,55137.3125,2021-03-08
2021-03-27,55973.51171875,2021-03-08
2021-03-28,55950.74609375,2021-03-08
2021-03-29,57750.19921875,2021-03-08
2021-03-30,58917.69140625,2021-03-08
2021-03-31,58918.83203125,2021-03-08
2021-04-01,59095.80859375,2021-03-08
2021-04-02,59384.3125,2021-03-08
2021-04-03,57603.890625,2021-03-08
2021-04-04,58758.5546875,2021-03-08
2021-04-05,59057.87890625,2021-03-08
2021-04-06,58192.359375,2021-03-08
2021-04-07,56048.9375,2021-03-08
2021-05-13,49716.19140625,2021-05-12
2021-05-14,49880.53515625,2021-05-12
2021-05-15,46760.1875,2021-05-12
2021-05-16,46456.05859375,2021-05-12
2021-05-17,43537.51171875,2021-05-12
2021-05-18,42909.40234375,2021-05-12
2021-05-19,37002.44140625,2021-05-12
2021-05-20,40782.73828125,2021-05-12
2021-05-21,37304.69140625,2021-05-12
2021-05-22,37536.6328125,2021-05-12
2021-05-23,34770.58203125,2021-05-12
2021-05-24,38705.98046875,2021-05-12
2021-05-25,38402.22265625,2021-05-12
2021-05-26,39294.19921875,2021-05-12
2021-05-27,38436.96875,2021-05-12
2021-05-28,35697.60546875,2021-05-12
2021-05-29,34616.06640625,2021-05-12
2021-05-30,35678.12890625,2021-05-12
2021-05-31,37332.85546875,2021-05-12
2021-06-01,36684.92578125,2021-05-12
2021-06-02,37575.1796875,2021-05-12
2021-06-03,39208.765625,2021-05-12
2021-06-04,36894.40625,2021-05-12
2021-06-05,35551.95703125,2021-05-12
2021-06-06,35862.37890625,2021-05-12
2021-06-07,33560.70703125,2021-05-12
2021-06-08,33472.6328125,2021-05-12
2021-06-09,37345.12109375,2021-05-12
2021-06-10,36702.59765625,2021-05-12
2021-06-11,37334.3984375,2021-05-12
2021-09-21,40693.67578125,2021-09-20
2021-09-22,43574.5078125,2021-09-20
2021-09-23,44895.09765625,2021-09-20
2021-09-24,42839.75,2021-09-20
2021-09-25,42716.59375,2021-09-20
2021-09-26,43208.5390625,2021-09-20
2021-09-27,42235.73046875,2021-09-20
2021-09-28,41034.54296875,2021-09-20
2021-09-29,41564.36328125,2021-09-20
2021-09-30,43790.89453125,2021-09-20
2021-10-01,48116.94140625,2021-09-20
2021-10-02,47711.48828125,2021-09-20
2021-10-03,48199.953125,2021-09-20
2021-10-04,49112.90234375,2021-09-20
2021-10-05,51514.8125,2021-09-20
2021-10-06,55361.44921875,2021-09-20
2021-10-07,53805.984375,2021-09-20
2021-10-08,53967.84765625,2021-09-20
2021-10-09,54968.22265625,2021-09-20
2021-10-10,54771.578125,2021-09-20
2021-10-11,57484.7890625,2021-09-20
2021-10-12,56041.05859375,2021-09-20
2021-10-13,57401.09765625,2021-09-20
2021-10-14,57321.5234375,2021-09-20
2021-10-15,61593.94921875,2021-09-20
2021-10-16,60892.1796875,2021-09-20
2021-10-17,61553.6171875,2021-09-20
2021-10-18,62026.078125,2021-09-20
2021-10-19,64261.9921875,2021-09-20
2021-10-20,65992.8359375,2021-09-20
2021-11-27,54815.078125,2021-11-26
2021-11-28,57248.45703125,2021-11-26
2021-11-29,57806.56640625,2021-11-26
2021-11-30,57005.42578125,2021-11-26
2021-12-01,57229.828125,2021-11-26
2021-12-02,56477.81640625,2021-11-26
2021-12-03,53598.24609375,2021-11-26
2021-12-04,49200.703125,2021-11-26
2021-12-05,49368.84765625,2021-11-26
2021-12-06,50582.625,2021-11-26
2021-12-07,50700.0859375,2021-11-26
2021-12-08,50504.796875,2021-11-26
2021-12-09,47672.12109375,2021-11-26
2021-12-10,47243.3046875,2021-11-26
2021-12-11,49362.5078125,2021-11-26
2021-12-12,50098.3359375,2021-11-26
2021-12-13,46737.48046875,2021-11-26
2021-12-14,46612.6328125,2021-11-26
2021-12-15,48896.72265625,2021-11-26
2021-12-16,47665.42578125,2021-11-26
2021-12-17,46202.14453125,2021-11-26
2021-12-18,46848.77734375,2021-11-26
2021-12-19,46707.015625,2021-11-26
2021-12-20,46880.27734375,2021-11-26
2021-12-21,48936.61328125,2021-11-26
2021-12-22,48628.51171875,2021-11-26
2021-12-23,50784.5390625,2021-11-26
2021-12-24,50822.1953125,2021-11-26
2021-12-25,50429.859375,2021-11-26
2021-12-26,50809.515625,2021-11-26
2021-12-01,57229.828125,2021-11-30
2021-12-02,56477.81640625,2021-11-30
2021-12-03,53598.24609375,2021-11-30
2021-12-04,49200.703125,2021-11-30
2021-12-05,49368.84765625,2021-11-30
2021-12-06,50582.625,2021-11-30
2021-12-07,50700.0859375,2021-11-30
2021-12-08,50504.796875,2021-11-30
2021-12-09,47672.12109375,2021-11-30
2021-12-10,47243.3046875,2021-11-30
2021-12-11,49362.5078125,2021-11-30
2021-12-12,50098.3359375,2021-11-30
2021-12-13,46737.48046875,2021-11-30
2021-12-14,46612.6328125,2021-11-30
2021-12-15,48896.72265625,2021-11-30
2021-12-16,47665.42578125,2021-11-30
2021-12-17,46202.14453125,2021-11-30
2021-12-18,46848.77734375,2021-11-30
2021-12-19,46707.015625,2021-11-30
2021-12-20,46880.27734375,2021-11-30
2021-12-21,48936.61328125,2021-11-30
2021-12-22,48628.51171875,2021-11-30
2021-12-23,50784.5390625,2021-11-30
2021-12-24,50822.1953125,2021-11-30
2021-12-25,50429.859375,2021-11-30
2021-12-26,50809.515625,2021-11-30
2021-12-27,50640.41796875,2021-11-30
2021-12-28,47588.85546875,2021-11-30
2021-12-29,46444.7109375,2021-11-30
2021-12-30,47178.125,2021-11-30
2022-01-21,36457.31640625,2022-01-20
2022-01-22,35030.25,2022-01-20
2022-01-23,36276.8046875,2022-01-20
2022-01-24,36654.328125,2022-01-20
2022-01-25,36954.00390625,2022-01-20
2022-01-26,36852.12109375,2022-01-20
2022-01-27,37138.234375,2022-01-20
2022-01-28,37784.33203125,2022-01-20
2022-01-29,38138.1796875,2022-01-20
2022-01-30,37917.6015625,2022-01-20
2022-01-31,38483.125,2022-01-20
2022-02-01,38743.2734375,2022-01-20
2022-02-02,36952.984375,2022-01-20
2022-02-03,37154.6015625,2022-01-20
2022-02-04,41500.875,2022-01-20
2022-02-05,41441.1640625,2022-01-20
2022-02-06,42412.43359375,2022-01-20
2022-02-07,43840.28515625,2022-01-20
2022-02-08,44118.4453125,2022-01-20
2022-02-09,44338.796875,2022-01-20
2022-02-10,43565.11328125,2022-01-20
2022-02-11,42407.9375,2022-01-20
2022-02-12,42244.46875,2022-01-20
2022-02-13,42197.515625,2022-01-20
2022-02-14,42586.91796875,2022-01-20
2022-02-15,44575.203125,2022-01-20
2022-02-16,43961.859375,2022-01-20
2022-02-17,40538.01171875,2022-01-20
2022-02-18,40030.9765625,2022-01-20
2022-02-19,40122.15625,2022-01-20
2022-02-12,42244.46875,2022-02-11
2022-02-13,42197.515625,2022-02-11
2022-02-14,42586.91796875,2022-02-11
2022-02-15,44575.203125,2022-02-11
2022-02-16,43961.859375,2022-02-11
2022-02-17,40538.01171875,2022-02-11
2022-02-18,40030.9765625,2022-02-11
2022-02-19,40122.15625,2022-02-11
2022-02-20,38431.37890625,2022-02-11
2022-02-21,37075.28125,2022-02-11
2022-02-22,38286.02734375,2022-02-11
2022-02-23,37296.5703125,2022-02-11
2022-02-24,38332.609375,2022-02-11
2022-02-25,39214.21875,2022-02-11
2022-02-26,39105.1484375,2022-02-11
2022-02-27,37709.78515625,2022-02-11
2022-02-28,43193.234375,2022-02-11
2022-03-01,44354.63671875,2022-02-11
2022-03-02,43924.1171875,2022-02-11
2022-03-03,42451.7890625,2022-02-11
2022-03-04,39137.60546875,2022-02-11
2022-03-05,39400.5859375,2022-02-11
2022-03-06,38419.984375,2022-02-11
2022-03-07,38062.0390625,2022-02-11
2022-03-08,38737.26953125,2022-02-11
2022-03-09,41982.92578125,2022-02-11
2022-03-10,39437.4609375,2022-02-11
2022-03-11,38794.97265625,2022-02-11
2022-03-12,38904.01171875,2022-02-11
2022-03-13,37849.6640625,2022-02-11
2022-02-18,40030.9765625,2022-02-17
2022-02-19,40122.15625,2022-02-17
2022-02-20,38431.37890625,2022-02-17
2022-02-21,37075.28125,2022-02-17
2022-02-22,38286.02734375,2022-02-17
2022-02-23,37296.5703125,2022-02-17
2022-02-24,38332.609375,2022-02-17
2022-02-25,39214.21875,2022-02-17
2022-02-26,39105.1484375,2022-02-17
2022-02-27,37709.78515625,2022-02-17
2022-02-28,43193.234375,2022-02-17
2022-03-01,44354.63671875,2022-02-17
2022-03-02,43924.1171875,2022-02-17
2022-03-03,42451.7890625,2022-02-17
2022-03-04,39137.60546875,2022-02-17
2022-03-05,39400.5859375,2022-02-17
2022-03-06,38419.984375,2022-02-17
2022-03-07,38062.0390625,2022-02-17
2022-03-08,38737.26953125,2022-02-17
2022-03-09,41982.92578125,2022-02-17
2022-03-10,39437.4609375,2022-02-17
2022-03-11,38794.97265625,2022-02-17
2022-03-12,38904.01171875,2022-02-17
2022-03-13,37849.6640625,2022-02-17
2022-03-14,39666.75390625,2022-02-17
2022-03-15,39338.78515625,2022-02-17
2022-03-16,41143.9296875,2022-02-17
2022-03-17,40951.37890625,2022-02-17
2022-03-18,41801.15625,2022-02-17
2022-03-19,42190.65234375,2022-02-17
2022-04-23,39486.73046875,2022-04-22
2022-04-24,39469.29296875,2022-04-22
2022-04-25,40458.30859375,2022-04-22
2022-04-26,38117.4609375,2022-04-22
2022-04-27,39241.12109375,2022-04-22
2022-04-28,39773.828125,2022-04-22
2022-04-29,38609.82421875,2022-04-22
2022-04-30,37714.875,2022-04-22
2022-05-01,38469.09375,2022-04-22
2022-05-02,38529.328125,2022-04-22
2022-05-03,37750.453125,2022-04-22
2022-05-04,39698.37109375,2022-04-22
2022-05-05,36575.140625,2022-04-22
2022-05-06,36040.921875,2022-04-22
2022-05-07,35501.953125,2022-04-22
2022-05-08,34059.265625,2022-04-22
2022-05-09,30296.953125,2022-04-22
2022-05-10,31022.90625,2022-04-22
2022-05-11,28936.35546875,2022-04-22
2022-05-12,29047.751953125,2022-04-22
2022-05-13,29283.103515625,2022-04-22
2022-05-14,30101.265625,2022-04-22
2022-05-15,31305.11328125,2022-04-22
2022-05-16,29862.91796875,2022-04-22
2022-05-17,30425.857421875,2022-04-22
2022-05-18,28720.271484375,2022-04-22
2022-05-19,30314.333984375,2022-04-22
2022-05-20,29200.740234375,2022-04-22
2022-05-21,29432.2265625,2022-04-22
2022-05-22,30323.72265625,2022-04-22
2022-06-07,31155.478515625,2022-06-06
2022-06-08,30214.35546875,2022-06-06
2022-06-09,30111.998046875,2022-06-06
2022-06-10,29083.8046875,2022-06-06
2022-06-11,28360.810546875,2022-06-06
2022-06-12,26762.6484375,2022-06-06
2022-06-13,22487.388671875,2022-06-06
2022-06-14,22206.79296875,2022-06-06
2022-06-15,22572.83984375,2022-06-06
2022-06-16,20381.650390625,2022-06-06
2022-06-17,20471.482421875,2022-06-06
2022-06-18,19017.642578125,2022-06-06
2022-06-19,20553.271484375,2022-06-06
2022-06-20,20599.537109375,2022-06-06
2022-06-21,20710.59765625,2022-06-06
2022-06-22,19987.029296875,2022-06-06
2022-06-23,21085.876953125,2022-06-06
2022-06-24,21231.65625,2022-06-06
2022-06-25,21502.337890625,2022-06-06
2022-06-26,21027.294921875,2022-06-06
2022-06-27,20735.478515625,2022-06-06
2022-06-28,20280.634765625,2022-06-06
2022-06-29,20104.0234375,2022-06-06
2022-06-30,19784.7265625,2022-06-06
2022-07-01,19269.3671875,2022-06-06
2022-07-02,19242.255859375,2022-06-06
2022-07-03,19297.076171875,2022-06-06
2022-07-04,20231.26171875,2022-06-06
2022-07-05,20190.115234375,2022-06-06
2022-07-06,20548.24609375,2022-06-06
2022-06-10,29083.8046875,2022-06-09
2022-06-11,28360.810546875,2022-06-09
2022-06-12,26762.6484375,2022-06-09
2022-06-13,22487.388671875,2022-06-09
2022-06-14,22206.79296875,2022-06-09
2022-06-15,22572.83984375,2022-06-09
2022-06-16,20381.650390625,2022-06-09
2022-06-17,20471.482421875,2022-06-09
2022-06-18,19017.642578125,2022-06-09
2022-06-19,20553.271484375,2022-06-09
2022-06-20,20599.537109375,2022-06-09
2022-06-21,20710.59765625,2022-06-09
2022-06-22,19987.029296875,2022-06-09
2022-06-23,21085.876953125,2022-06-09
2022-06-24,21231.65625,2022-06-09
2022-06-25,21502.337890625,2022-06-09
2022-06-26,21027.294921875,2022-06-09
2022-06-27,20735.478515625,2022-06-09
2022-06-28,20280.634765625,2022-06-09
2022-06-29,20104.0234375,2022-06-09
2022-06-30,19784.7265625,2022-06-09
2022-07-01,19269.3671875,2022-06-09
2022-07-02,19242.255859375,2022-06-09
2022-07-03,19297.076171875,2022-06-09
2022-07-04,20231.26171875,2022-06-09
2022-07-05,20190.115234375,2022-06-09
2022-07-06,20548.24609375,2022-06-09
2022-07-07,21637.587890625,2022-06-09
2022-07-08,21731.1171875,2022-06-09
2022-07-09,21592.20703125,2022-06-09
2022-07-12,19323.9140625,2022-07-11
2022-07-13,20212.07421875,2022-07-11
2022-07-14,20569.919921875,2022-07-11
2022-07-15,20836.328125,2022-07-11
2022-07-16,21190.31640625,2022-07-11
2022-07-17,20779.34375,2022-07-11
2022-07-18,22485.689453125,2022-07-11
2022-07-19,23389.43359375,2022-07-11
2022-07-20,23231.732421875,2022-07-11
2022-07-21,23164.62890625,2022-07-11
2022-07-22,22714.978515625,2022-07-11
2022-07-23,22465.478515625,2022-07-11
2022-07-24,22609.1640625,2022-07-11
2022-07-25,21361.701171875,2022-07-11
2022-07-26,21239.75390625,2022-07-11
2022-07-27,22930.548828125,2022-07-11
2022-07-28,23843.88671875,2022-07-11
2022-07-29,23804.6328125,2022-07-11
2022-07-30,23656.20703125,2022-07-11
2022-07-31,23336.896484375,2022-07-11
2022-08-01,23314.19921875,2022-07-11
2022-08-02,22978.1171875,2022-07-11
2022-08-03,22846.5078125,2022-07-11
2022-08-04,22630.95703125,2022-07-11
2022-08-05,23289.314453125,2022-07-11
2022-08-06,22961.279296875,2022-07-11
2022-08-07,23175.890625,2022-07-11
2022-08-08,23809.486328125,2022-07-11
2022-08-09,23164.318359375,2022-07-11
2022-08-10,23947.642578125,2022-07-11
2022-07-19,23389.43359375,2022-07-18
2022-07-20,23231.732421875,2022-07-18
2022-07-21,23164.62890625,2022-07-18
2022-07-22,22714.978515625,2022-07-18
2022-07-23,22465.478515625,2022-07-18
2022-07-24,22609.1640625,2022-07-18
2022-07-25,21361.701171875,2022-07-18
2022-07-26,21239.75390625,2022-07-18
2022-07-27,22930.548828125,2022-07-18
2022-07-28,23843.88671875,2022-07-18
2022-07-29,23804.6328125,2022-07-18
2022-07-30,23656.20703125,2022-07-18
2022-07-31,23336.896484375,2022-07-18
2022-08-01,23314.19921875,2022-07-18
2022-08-02,22978.1171875,2022-07-18
2022-08-03,22846.5078125,2022-07-18
2022-08-04,22630.95703125,2022-07-18
2022-08-05,23289.314453125,2022-07-18
2022-08-06,22961.279296875,2022-07-18
2022-08-07,23175.890625,2022-07-18
2022-08-08,23809.486328125,2022-07-18
2022-08-09,23164.318359375,2022-07-18
2022-08-10,23947.642578125,2022-07-18
2022-08-11,23957.529296875,2022-07-18
2022-08-12,24402.818359375,2022-07-18
2022-08-13,24424.068359375,2022-07-18
2022-08-14,24319.333984375,2022-07-18
2022-08-15,24136.97265625,2022-07-18
2022-08-16,23883.291015625,2022-07-18
2022-08-17,23335.998046875,2022-07-18
2022-08-27,20041.73828125,2022-08-26
2022-08-28,19616.814453125,2022-08-26
2022-08-29,20297.994140625,2022-08-26
2022-08-30,19796.80859375,2022-08-26
2022-08-31,20049.763671875,2022-08-26
2022-09-01,20127.140625,2022-08-26
2022-09-02,19969.771484375,2022-08-26
2022-09-03,19832.087890625,2022-08-26
2022-09-04,19986.712890625,2022-08-26
2022-09-05,19812.37109375,2022-08-26
2022-09-06,18837.66796875,2022-08-26
2022-09-07,19290.32421875,2022-08-26
2022-09-08,19329.833984375,2022-08-26
2022-09-09,21381.15234375,2022-08-26
2022-09-10,21680.5390625,2022-08-26
2022-09-11,21769.255859375,2022-08-26
2022-09-12,22370.44921875,2022-08-26
2022-09-13,20296.70703125,2022-08-26
2022-09-14,20241.08984375,2022-08-26
2022-09-15,19701.2109375,2022-08-26
2022-09-16,19772.583984375,2022-08-26
2022-09-17,20127.576171875,2022-08-26
2022-09-18,19419.505859375,2022-08-26
2022-09-19,19544.12890625,2022-08-26
2022-09-20,18890.7890625,2022-08-26
2022-09-21,18547.400390625,2022-08-26
2022-09-22,19413.55078125,2022-08-26
2022-09-23,19297.638671875,2022-08-26
2022-09-24,18937.01171875,2022-08-26
2022-09-25,18802.09765625,2022-08-26
2022-09-14,20241.08984375,2022-09-13
2022-09-15,19701.2109375,2022-09-13
2022-09-16,19772.583984375,2022-09-13
2022-09-17,20127.576171875,2022-09-13
2022-09-18,19419.505859375,2022-09-13
2022-09-19,19544.12890625,2022-09-13
2022-09-20,18890.7890625,2022-09-13
2022-09-21,18547.400390625,2022-09-13
2022-09-22,19413.55078125,2022-09-13
2022-09-23,19297.638671875,2022-09-13
2022-09-24,18937.01171875,2022-09-13
2022-09-25,18802.09765625,2022-09-13
2022-09-26,19222.671875,2022-09-13
2022-09-27,19110.546875,2022-09-13
2022-09-28,19426.720703125,2022-09-13
2022-09-29,19573.05078125,2022-09-13
2022-09-30,19431.7890625,2022-09-13
2022-10-01,19312.095703125,2022-09-13
2022-10-02,19044.107421875,2022-09-13
2022-10-03,19623.580078125,2022-09-13
2022-10-04,20336.84375,2022-09-13
2022-10-05,20160.716796875,2022-09-13
2022-10-06,19955.443359375,2022-09-13
2022-10-07,19546.849609375,2022-09-13
2022-10-08,19416.568359375,2022-09-13
2022-10-09,19446.42578125,2022-09-13
2022-10-10,19141.484375,2022-09-13
2022-10-11,19051.41796875,2022-09-13
2022-10-12,19157.4453125,2022-09-13
2022-10-13,19382.904296875,2022-09-13
2022-11-09,15880.7802734375,2022-11-08
2022-11-10,17586.771484375,2022-11-08
2022-11-11,17034.29296875,2022-11-08
2022-11-12,16799.185546875,2022-11-08
2022-11-13,16353.365234375,2022-11-08
2022-11-14,16618.19921875,2022-11-08
2022-11-15,16884.61328125,2022-11-08
2022-11-16,16669.439453125,2022-11-08
2022-11-17,16687.517578125,2022-11-08
2022-11-18,16697.77734375,2022-11-08
2022-11-19,16711.546875,2022-11-08
2022-11-20,16291.83203125,2022-11-08
2022-11-21,15787.2841796875,2022-11-08
2022-11-22,16189.76953125,2022-11-08
2022-11-23,16610.70703125,2022-11-08
2022-11-24,16604.46484375,2022-11-08
2022-11-25,16521.841796875,2022-11-08
2022-11-26,16464.28125,2022-11-08
2022-11-27,16444.626953125,2022-11-08
2022-11-28,16217.322265625,2022-11-08
2022-11-29,16444.982421875,2022-11-08
2022-11-30,17168.56640625,2022-11-08
2022-12-01,16967.1328125,2022-11-08
2022-12-02,17088.66015625,2022-11-08
2022-12-03,16908.236328125,2022-11-08
2022-12-04,17130.486328125,2022-11-08
2022-12-05,16974.826171875,2022-11-08
2022-12-06,17089.50390625,2022-11-08
2022-12-07,16848.126953125,2022-11-08
2022-12-08,17233.474609375,2022-11-08
2022-12-13,17781.318359375,2022-12-12
2022-12-14,17815.650390625,2022-12-12
2022-12-15,17364.865234375,2022-12-12
2022-12-16,16647.484375,2022-12-12
2022-12-17,16795.091796875,2022-12-12
2022-12-18,16757.9765625,2022-12-12
2022-12-19,16439.6796875,2022-12-12
2022-12-20,16906.3046875,2022-12-12
2022-12-21,16817.53515625,2022-12-12
2022-12-22,16830.341796875,2022-12-12
2022-12-23,16796.953125,2022-12-12
2022-12-24,16847.755859375,2022-12-12
2022-12-25,16841.986328125,2022-12-12
2022-12-26,16919.8046875,2022-12-12
2022-12-27,16717.173828125,2022-12-12
2022-12-28,16552.572265625,2022-12-12
2022-12-29,16642.341796875,2022-12-12
2022-12-30,16602.5859375,2022-12-12
2022-12-31,16547.49609375,2022-12-12
2023-01-01,16625.080078125,2022-12-12
2023-01-02,16688.470703125,2022-12-12
2023-01-03,16679.857421875,2022-12-12
2023-01-04,16863.23828125,2022-12-12
2023-01-05,16836.736328125,2022-12-12
2023-01-06,16951.96875,2022-12-12
2023-01-07,16955.078125,2022-12-12
2023-01-08,17091.14453125,2022-12-12
2023-01-09,17196.5546875,2022-12-12
2023-01-10,17446.29296875,2022-12-12
2023-01-11,17934.896484375,2022-12-12
2023-03-14,24746.07421875,2023-03-13
2023-03-15,24375.9609375,2023-03-13
2023-03-16,25052.7890625,2023-03-13
2023-03-17,27423.9296875,2023-03-13
2023-03-18,26965.87890625,2023-03-13
2023-03-19,28038.67578125,2023-03-13
2023-03-20,27767.236328125,2023-03-13
2023-03-21,28175.81640625,2023-03-13
2023-03-22,27307.4375,2023-03-13
2023-03-23,28333.97265625,2023-03-13
2023-03-24,27493.28515625,2023-03-13
2023-03-25,27494.70703125,2023-03-13
2023-03-26,27994.330078125,2023-03-13
2023-03-27,27139.888671875,2023-03-13
2023-03-28,27268.130859375,2023-03-13
2023-03-29,28348.44140625,2023-03-13
2023-03-30,28033.5625,2023-03-13
2023-03-31,28478.484375,2023-03-13
2023-04-01,28411.03515625,2023-03-13
2023-04-02,28199.30859375,2023-03-13
2023-04-03,27790.220703125,2023-03-13
2023-04-04,28168.08984375,2023-03-13
2023-04-05,28177.984375,2023-03-13
2023-04-06,28044.140625,2023-03-13
2023-04-07,27925.859375,2023-03-13
2023-04-08,27947.794921875,2023-03-13
2023-04-09,28333.05078125,2023-03-13
2023-04-10,29652.98046875,2023-03-13
2023-04-11,30235.05859375,2023-03-13
2023-04-12,30139.052734375,2023-03-13
2023-03-16,25052.7890625,2023-03-15
2023-03-17,27423.9296875,2023-03-15
2023-03-18,26965.87890625,2023-03-15
2023-03-19,28038.67578125,2023-03-15
2023-03-20,27767.236328125,2023-03-15
2023-03-21,28175.81640625,2023-03-15
2023-03-22,27307.4375,2023-03-15
2023-03-23,28333.97265625,2023-03-15
2023-03-24,27493.28515625,2023-03-15
2023-03-25,27494.70703125,2023-03-15
2023-03-26,27994.330078125,2023-03-15
2023-03-27,27139.888671875,2023-03-15
2023-03-28,27268.130859375,2023-03-15
2023-03-29,28348.44140625,2023-03-15
2023-03-30,28033.5625,2023-03-15
2023-03-31,28478.484375,2023-03-15
2023-04-01,28411.03515625,2023-03-15
2023-04-02,28199.30859375,2023-03-15
2023-04-03,27790.220703125,2023-03-15
2023-04-04,28168.08984375,2023-03-15
2023-04-05,28177.984375,2023-03-15
2023-04-06,28044.140625,2023-03-15
2023-04-07,27925.859375,2023-03-15
2023-04-08,27947.794921875,2023-03-15
2023-04-09,28333.05078125,2023-03-15
2023-04-10,29652.98046875,2023-03-15
2023-04-11,30235.05859375,2023-03-15
2023-04-12,30139.052734375,2023-03-15
2023-04-13,30399.06640625,2023-03-15
2023-04-14,30485.69921875,2023-03-15
2023-03-18,26965.87890625,2023-03-17
2023-03-19,28038.67578125,2023-03-17
2023-03-20,27767.236328125,2023-03-17
2023-03-21,28175.81640625,2023-03-17
2023-03-22,27307.4375,2023-03-17
2023-03-23,28333.97265625,2023-03-17
2023-03-24,27493.28515625,2023-03-17
2023-03-25,27494.70703125,2023-03-17
2023-03-26,27994.330078125,2023-03-17
2023-03-27,27139.888671875,2023-03-17
2023-03-28,27268.130859375,2023-03-17
2023-03-29,28348.44140625,2023-03-17
2023-03-30,28033.5625,2023-03-17
2023-03-31,28478.484375,2023-03-17
2023-04-01,28411.03515625,2023-03-17
2023-04-02,28199.30859375,2023-03-17
2023-04-03,27790.220703125,2023-03-17
2023-04-04,28168.08984375,2023-03-17
2023-04-05,28177.984375,2023-03-17
2023-04-06,28044.140625,2023-03-17
2023-04-07,27925.859375,2023-03-17
2023-04-08,27947.794921875,2023-03-17
2023-04-09,28333.05078125,2023-03-17
2023-04-10,29652.98046875,2023-03-17
2023-04-11,30235.05859375,2023-03-17
2023-04-12,30139.052734375,2023-03-17
2023-04-13,30399.06640625,2023-03-17
2023-04-14,30485.69921875,2023-03-17
2023-04-15,30318.49609375,2023-03-17
2023-04-16,30315.35546875,2023-03-17
2024-08-06,56034.31640625,2024-08-05
2024-08-07,55027.4609375,2024-08-05
2024-08-08,61710.13671875,2024-08-05
2024-08-09,60880.11328125,2024-08-05
2024-08-10,60945.8125,2024-08-05
2024-08-11,58719.484375,2024-08-05
2024-08-12,59354.515625,2024-08-05
2024-08-13,60609.56640625,2024-08-05
2024-08-14,58737.26953125,2024-08-05
2024-08-15,57560.09765625,2024-08-05
2024-08-16,58894.10546875,2024-08-05
2024-08-17,59478.97265625,2024-08-05
2024-08-18,58483.96484375,2024-08-05
2024-08-19,59493.453125,2024-08-05
2024-08-20,59012.79296875,2024-08-05
2024-08-21,61175.19140625,2024-08-05
2024-08-22,60381.9140625,2024-08-05
2024-08-23,64094.35546875,2024-08-05
2024-08-24,64178.9921875,2024-08-05
2024-08-25,64333.54296875,2024-08-05
2024-08-26,62880.66015625,2024-08-05
2024-08-27,59504.1328125,2024-08-05
2024-08-28,59027.625,2024-08-05
2024-08-29,59388.1796875,2024-08-05
2024-08-30,59119.4765625,2024-08-05
2024-08-31,58969.8984375,2024-08-05
2024-09-01,57325.48828125,2024-08-05
2024-09-02,59112.48046875,2024-08-05
2024-09-03,57431.0234375,2024-08-05
2024-09-04,57971.5390625,2024-08-05
